order_id,customer_id,order_date,order_status,payment_method,sales_channel,gross_amount,discount_amount,shipping_fee,final_amount,delivered_date
O00001,C0047,10-06-2024,Delivered,Debit Card,Mobile App,424.15,74.85,49,473.15,2024-06-14
O00002,C0016,18-02-2025,Delivered,Credit Card,Website,349.0,0.0,40,389.0,2025-02-21
O00003,C0191,03-12-2025,Delivered,Credit Card,Website,1467.4,229.6,0,1467.4,2025-12-09
O00004,C0087,10-08-2025,Delivered,Credit Card,Website,663.1,34.9,49,712.1,2025-08-17
O00005,C0211,17-07-2025,Delivered,UPI,Website,1511.35,134.65,0,1511.35,2025-07-23
O00006,C0401,11-05-2025,Delivered,UPI,Website,424.15,74.85,49,473.15,2025-05-13
O00007,C0272,01-01-2025,In Transit,COD,Website,2335.15,59.85,0,2335.15,
O00008,C0434,01-02-2025,Cancelled,Net Banking,Website,1037.2,59.8,0,0.0,
O00009,C0289,25-05-2024,Delivered,COD,Mobile App,699.0,0.0,0,699.0,2024-05-28
O00010,C0104,13-05-2024,Delivered,Net Banking,Mobile App,649.0,0.0,40,689.0,2024-05-20
O00011,C0492,15-03-2024,Returned,UPI,Website,559.2,139.8,59,618.2,2024-03-23
O00012,C0476,20-09-2025,Delivered,Credit Card,Website,254.15,44.85,59,313.15,2025-09-28
O00013,C0472,18-09-2025,Delivered,COD,Website,690.85,157.15,59,749.85,2025-09-24
O00014,C0355,10-03-2024,Delivered,Debit Card,Website,379.05,19.95,49,428.05,2024-03-14
O00015,C0334,04-12-2025,Delivered,Net Banking,Website,569.05,29.95,49,618.05,2025-12-07
O00016,C0458,09-05-2025,Delivered,Debit Card,Mobile App,449.25,149.75,49,498.25,2025-05-14
O00017,C0374,07-07-2025,Delivered,UPI,Website,1058.15,89.85,0,1058.15,2025-07-12
O00018,C0150,24-03-2024,Delivered,Debit Card,Website,1349.6,47.4,0,1349.6,2024-03-31
O00019,C0078,14-12-2025,Delivered,UPI,Website,2384.7,309.3,0,2384.7,2025-12-20
O00020,C0462,13-06-2025,Delivered,Credit Card,Website,1891.5,304.5,0,1891.5,2025-06-22
O00021,C0164,16-08-2025,Delivered,Net Banking,Website,1741.35,154.65,0,1741.35,2025-08-19
O00022,C0451,18-12-2024,Delivered,Debit Card,Mobile App,584.1,64.9,59,643.1,2024-12-23
O00023,C0382,01-05-2025,Returned,UPI,Mobile App,594.15,104.85,40,634.15,2025-05-10
O00024,C0165,02-10-2024,Delivered,UPI,Website,1723.55,22.45,0,1723.55,2024-10-08
O00025,C0292,22-10-2024,Delivered,Credit Card,Marketplace,1038.1,59.9,0,1038.1,2024-10-26
O00026,C0091,30-04-2025,Delivered,UPI,Mobile App,823.25,174.75,0,823.25,2025-05-07
O00027,C0347,30-07-2024,Delivered,UPI,Mobile App,1063.15,84.85,0,1063.15,2024-08-05
O00028,C0437,23-12-2024,Delivered,UPI,Website,2110.95,484.05,0,2110.95,2024-12-28
O00029,C0142,17-10-2025,Delivered,Debit Card,Marketplace,1412.3,134.7,0,1412.3,2025-10-21
O00030,C0255,29-10-2024,Delivered,UPI,Website,1025.7,122.3,0,1025.7,2024-11-05
O00031,C0260,03-11-2024,Cancelled,Net Banking,Website,594.15,104.85,0,0.0,
O00032,C0391,06-07-2024,Returned,Debit Card,Website,639.2,159.8,49,688.2,2024-07-09
O00033,C0299,17-08-2025,Delivered,Net Banking,Website,1841.25,154.75,0,1841.25,2025-08-21
O00034,C0250,06-12-2024,Delivered,Debit Card,Website,296.65,52.35,49,345.65,2024-12-12
O00035,C0067,21-09-2025,Delivered,Credit Card,Website,299.25,99.75,49,348.25,2025-09-27
O00036,C0010,18-10-2025,Delivered,Net Banking,Website,449.0,0.0,40,489.0,2025-10-22
O00037,C0069,16-12-2024,Delivered,Debit Card,Website,2225.4,219.6,0,2225.4,2024-12-22
O00038,C0320,19-02-2024,Delivered,UPI,Mobile App,699.0,0.0,0,699.0,2024-02-22
O00039,C0106,12-12-2025,Delivered,Credit Card,Website,426.55,22.45,40,466.55,2025-12-17
O00040,C0145,26-04-2024,Delivered,Credit Card,Mobile App,528.2,69.8,59,587.2,2024-05-04
O00041,C0465,23-04-2024,Delivered,UPI,Website,331.55,17.45,40,371.55,2024-04-27
O00042,C0136,22-10-2024,Cancelled,UPI,Mobile App,1118.4,279.6,0,0.0,
O00043,C0005,21-05-2024,Delivered,UPI,Website,2047.25,149.75,0,2047.25,2024-05-24
O00044,C0454,15-10-2025,In Transit,Net Banking,Website,1374.15,271.85,0,1374.15,
O00045,C0457,13-05-2024,Delivered,Net Banking,Website,239.2,59.8,59,298.2,2024-05-19
O00046,C0290,17-08-2024,Delivered,UPI,Website,853.1,44.9,0,853.1,2024-08-24
O00047,C0314,30-10-2024,Cancelled,Net Banking,Mobile App,336.75,112.25,0,0.0,
O00048,C0026,03-06-2025,Delivered,UPI,Website,319.2,79.8,49,368.2,2025-06-07
O00049,C0382,27-01-2025,Delivered,Credit Card,Mobile App,1122.3,124.7,0,1122.3,2025-01-31
O00050,C0419,16-08-2024,Delivered,Debit Card,Mobile App,645.65,52.35,59,704.65,2024-08-24
O00051,C0460,17-06-2024,Cancelled,Debit Card,Website,559.2,139.8,0,0.0,
O00052,C0111,13-04-2025,Delivered,UPI,Mobile App,449.0,0.0,49,498.0,2025-04-17
O00053,C0259,17-05-2024,Delivered,Debit Card,Mobile App,848.3,149.7,0,848.3,2024-05-24
O00054,C0089,24-10-2025,Delivered,UPI,Mobile App,474.05,24.95,49,523.05,2025-11-01
O00055,C0232,18-08-2025,Delivered,Debit Card,Mobile App,830.65,67.35,0,830.65,2025-08-23
O00056,C0333,01-07-2024,Delivered,UPI,Website,314.1,34.9,49,363.1,2024-07-06
O00057,C0274,19-10-2024,Delivered,UPI,Website,569.05,29.95,40,609.05,2024-10-28
O00058,C0075,04-03-2024,Delivered,Debit Card,Website,1278.3,219.7,0,1278.3,2024-03-07
O00059,C0409,13-12-2025,Delivered,COD,Website,1594.0,252.0,0,1594.0,2025-12-20
O00060,C0332,11-01-2025,Delivered,Credit Card,Mobile App,2161.2,134.8,0,2161.2,2025-01-15
O00061,C0080,14-11-2024,Delivered,COD,Mobile App,855.7,92.3,0,855.7,2024-11-17
O00062,C0207,04-04-2024,Returned,Debit Card,Website,359.1,39.9,59,418.1,2024-04-10
O00063,C0125,10-02-2024,Delivered,COD,Marketplace,319.2,79.8,49,368.2,2024-02-15
O00064,C0250,14-02-2024,Delivered,UPI,Website,224.1,24.9,59,283.1,2024-02-16
O00065,C0397,06-08-2024,Delivered,UPI,Website,598.2,49.8,49,647.2,2024-08-12
O00066,C0286,13-03-2024,Delivered,UPI,Website,853.2,94.8,0,853.2,2024-03-19
O00067,C0359,15-03-2024,Delivered,UPI,Mobile App,1043.15,104.85,0,1043.15,2024-03-18
O00068,C0408,12-07-2025,Delivered,UPI,Mobile App,2747.75,97.25,0,2747.75,2025-07-18
O00069,C0109,26-02-2025,Cancelled,UPI,Website,1133.25,164.75,0,0.0,
O00070,C0282,17-04-2025,Delivered,Debit Card,Website,948.1,49.9,0,948.1,2025-04-22
O00071,C0163,12-05-2025,Delivered,UPI,Mobile App,1108.05,39.95,0,1108.05,2025-05-18
O00072,C0450,06-05-2025,Delivered,UPI,Mobile App,798.4,199.6,0,798.4,2025-05-09
O00073,C0135,10-08-2024,Cancelled,Debit Card,Mobile App,1637.25,159.75,0,0.0,
O00074,C0335,01-06-2024,Delivered,Debit Card,Mobile App,331.55,17.45,59,390.55,2024-06-03
O00075,C0229,20-08-2025,Cancelled,UPI,Mobile App,1973.75,122.25,0,0.0,
O00076,C0470,10-04-2025,Delivered,Debit Card,Website,2037.9,207.1,0,2037.9,2025-04-13
O00077,C0455,29-10-2024,Delivered,UPI,Mobile App,551.65,97.35,40,591.65,2024-11-03
O00078,C0346,05-05-2025,Delivered,Debit Card,Website,699.0,0.0,0,699.0,2025-05-10
O00079,C0076,30-10-2024,In Transit,Credit Card,Mobile App,284.05,14.95,40,324.05,
O00080,C0111,04-04-2025,Delivered,Credit Card,Website,551.65,97.35,59,610.65,2025-04-09
O00081,C0303,11-03-2024,Delivered,UPI,Website,1971.3,174.7,0,1971.3,2024-03-14
O00082,C0067,09-09-2025,Delivered,COD,Mobile App,678.3,119.7,49,727.3,2025-09-12
O00083,C0405,25-01-2025,Delivered,COD,Mobile App,858.3,139.7,0,858.3,2025-01-30
O00084,C0296,16-08-2024,Delivered,Debit Card,Website,616.55,32.45,59,675.55,2024-08-20
O00085,C0387,27-07-2024,Delivered,Credit Card,Website,569.05,29.95,59,628.05,2024-07-31
O00086,C0401,17-12-2025,Delivered,Credit Card,Mobile App,680.7,67.3,40,720.7,2025-12-21
O00087,C0046,06-03-2024,Delivered,Credit Card,Mobile App,2195.0,0.0,0,2195.0,2024-03-13
O00088,C0266,19-10-2024,Delivered,Credit Card,Mobile App,555.8,92.2,49,604.8,2024-10-23
O00089,C0471,02-04-2024,Delivered,Credit Card,Mobile App,299.25,99.75,49,348.25,2024-04-10
O00090,C0134,28-06-2024,Delivered,UPI,Website,1696.6,299.4,0,1696.6,2024-07-04
O00091,C0235,28-11-2025,Delivered,UPI,Website,1144.95,202.05,0,1144.95,2025-12-01
O00092,C0359,26-09-2024,Delivered,Debit Card,Mobile App,426.55,22.45,59,485.55,2024-09-29
O00093,C0350,13-07-2024,Delivered,Debit Card,Mobile App,629.1,69.9,40,669.1,2024-07-19
O00094,C0253,10-08-2025,Cancelled,UPI,Website,1752.2,144.8,0,0.0,
O00095,C0270,09-03-2025,Delivered,Credit Card,Website,833.1,64.9,0,833.1,2025-03-12
O00096,C0167,05-01-2025,Delivered,Credit Card,Website,404.1,44.9,40,444.1,2025-01-09
O00097,C0187,14-02-2025,Delivered,UPI,Mobile App,664.05,34.95,49,713.05,2025-02-21
O00098,C0091,07-03-2025,In Transit,Net Banking,Website,908.25,139.75,0,908.25,
O00099,C0031,08-08-2024,Delivered,Credit Card,Website,279.2,69.8,49,328.2,2024-08-12
O00100,C0102,13-08-2025,Delivered,UPI,Mobile App,254.15,44.85,40,294.15,2025-08-17
O00101,C0414,11-12-2024,Delivered,UPI,Marketplace,719.1,79.9,0,719.1,2024-12-17
O00102,C0203,04-10-2024,Delivered,COD,Mobile App,279.2,69.8,40,319.2,2024-10-10
O00103,C0482,18-12-2025,Delivered,UPI,Website,1120.05,226.95,0,1120.05,2025-12-22
O00104,C0065,14-05-2024,Delivered,UPI,Website,1896.5,249.5,0,1896.5,2024-05-18
O00105,C0450,31-07-2025,Delivered,Credit Card,Marketplace,569.05,29.95,49,618.05,2025-08-03
O00106,C0177,20-10-2024,Delivered,COD,Marketplace,521.55,27.45,40,561.55,2024-10-26
O00107,C0097,25-02-2025,Delivered,UPI,Mobile App,1043.25,154.75,0,1043.25,2025-03-02
O00108,C0140,18-10-2024,Delivered,UPI,Website,629.1,69.9,49,678.1,2024-10-21
O00109,C0097,18-08-2024,Delivered,COD,Website,399.0,0.0,40,439.0,2024-08-22
O00110,C0191,19-04-2025,Delivered,UPI,Mobile App,539.1,59.9,40,579.1,2025-04-22
O00111,C0419,25-01-2025,Delivered,Debit Card,Website,673.2,74.8,40,713.2,2025-01-29
O00112,C0160,15-10-2025,Delivered,Credit Card,Website,699.0,0.0,0,699.0,2025-10-20
O00113,C0121,10-10-2025,Delivered,Net Banking,Mobile App,1617.3,179.7,0,1617.3,2025-10-15
O00114,C0080,15-01-2025,Delivered,Credit Card,Mobile App,399.0,0.0,49,448.0,2025-01-20
O00115,C0406,27-10-2024,In Transit,Debit Card,Mobile App,938.25,159.75,0,938.25,
O00116,C0249,24-12-2025,Delivered,Debit Card,Website,759.05,39.95,0,759.05,2025-12-31
O00117,C0284,29-10-2024,Delivered,UPI,Website,449.0,0.0,40,489.0,2024-11-03
O00118,C0338,05-07-2025,Delivered,Debit Card,Mobile App,664.05,34.95,40,704.05,2025-07-10
O00119,C0104,19-04-2024,Delivered,Credit Card,Mobile App,725.55,22.45,0,725.55,2024-04-27
O00120,C0240,16-08-2025,Cancelled,Net Banking,Website,1212.1,34.9,0,0.0,
O00121,C0052,24-08-2024,Delivered,Credit Card,Website,980.55,17.45,0,980.55,2024-08-28
O00122,C0453,30-10-2024,Delivered,UPI,Website,1666.25,129.75,0,1666.25,2024-11-05
O00123,C0131,03-01-2025,Delivered,UPI,Mobile App,2424.45,169.55,0,2424.45,2025-01-08
O00124,C0080,07-11-2024,Delivered,UPI,Mobile App,379.05,19.95,40,419.05,2024-11-13
O00125,C0406,24-10-2025,Delivered,UPI,Mobile App,339.15,59.85,49,388.15,2025-10-28
O00126,C0214,03-05-2024,Delivered,Debit Card,Mobile App,379.05,19.95,40,419.05,2024-05-07
O00127,C0168,29-05-2025,Delivered,Debit Card,Marketplace,2065.25,129.75,0,2065.25,2025-06-02
O00128,C0391,18-05-2024,Delivered,UPI,Mobile App,618.2,79.8,59,677.2,2024-05-20
O00129,C0217,09-01-2025,Delivered,Credit Card,Website,186.75,62.25,49,235.75,2025-01-14
O00130,C0080,13-08-2024,Returned,COD,Mobile App,778.15,69.85,0,778.15,2024-08-18
O00131,C0073,12-12-2025,Delivered,Credit Card,Mobile App,551.65,97.35,59,610.65,2025-12-15
O00132,C0484,19-10-2025,Delivered,COD,Website,1328.1,69.9,0,1328.1,2025-10-28
O00133,C0364,11-04-2024,Delivered,Credit Card,Website,339.15,59.85,40,379.15,2024-04-14
O00134,C0171,16-05-2025,Delivered,UPI,Website,708.35,139.65,0,708.35,2025-05-23
O00135,C0016,22-07-2025,Delivered,UPI,Website,296.65,52.35,59,355.65,2025-07-27
O00136,C0466,11-09-2025,Delivered,UPI,Website,758.1,39.9,0,758.1,2025-09-17
O00137,C0070,16-03-2025,In Transit,UPI,Marketplace,1756.55,239.45,0,1756.55,
O00138,C0212,25-02-2025,Delivered,Net Banking,Mobile App,2401.3,194.7,0,2401.3,2025-03-02
O00139,C0306,25-08-2024,Delivered,UPI,Mobile App,449.1,49.9,40,489.1,2024-09-01
O00140,C0071,16-06-2024,Delivered,Debit Card,Website,299.25,99.75,40,339.25,2024-06-18
O00141,C0225,23-09-2025,Delivered,Credit Card,Website,521.55,27.45,49,570.55,2025-09-27
O00142,C0293,31-08-2025,Delivered,Debit Card,Website,558.4,139.6,40,598.4,2025-09-05
O00143,C0392,07-10-2025,Delivered,Credit Card,Mobile App,1078.4,269.6,0,1078.4,2025-10-11
O00144,C0047,18-08-2025,Delivered,UPI,Website,474.05,24.95,49,523.05,2025-08-20
O00145,C0047,26-04-2024,Delivered,UPI,Mobile App,673.1,24.9,49,722.1,2024-05-01
O00146,C0077,15-06-2024,Delivered,Debit Card,Website,359.1,39.9,40,399.1,2024-06-22
O00147,C0002,29-09-2025,Delivered,Credit Card,Website,853.2,94.8,0,853.2,2025-10-04
O00148,C0420,22-10-2024,Delivered,UPI,Mobile App,1697.0,0.0,0,1697.0,2024-10-27
O00149,C0355,17-12-2025,Delivered,UPI,Website,1025.55,22.45,0,1025.55,2025-12-21
O00150,C0150,19-10-2025,Delivered,UPI,Website,449.25,149.75,59,508.25,2025-10-28
O00151,C0353,11-09-2025,In Transit,UPI,Mobile App,1279.65,67.35,0,1279.65,
O00152,C0067,21-09-2025,Delivered,Debit Card,Website,374.25,124.75,40,414.25,2025-09-24
O00153,C0408,30-04-2024,Delivered,Credit Card,Website,1518.1,79.9,0,1518.1,2024-05-05
O00154,C0131,10-03-2024,Delivered,UPI,Website,1130.55,17.45,0,1130.55,2024-03-14
O00155,C0470,30-04-2025,Delivered,Credit Card,Mobile App,2188.8,157.2,0,2188.8,2025-05-05
O00156,C0034,01-06-2024,Delivered,COD,Mobile App,695.85,152.15,49,744.85,2024-06-07
O00157,C0191,07-04-2025,Delivered,Credit Card,Website,549.0,0.0,59,608.0,2025-04-09
O00158,C0257,06-06-2024,Returned,Debit Card,Website,1837.4,259.6,0,1837.4,2024-06-12
O00159,C0352,31-08-2025,Delivered,Net Banking,Website,835.65,62.35,0,835.65,2025-09-04
O00160,C0396,27-03-2025,Delivered,UPI,Website,1966.35,229.65,0,1966.35,2025-03-31
O00161,C0277,17-08-2024,Returned,UPI,Website,279.2,69.8,59,338.2,2024-08-24
O00162,C0366,17-11-2025,Delivered,COD,Mobile App,958.1,39.9,0,958.1,2025-11-23
O00163,C0486,14-08-2025,Returned,UPI,Mobile App,1108.05,39.95,0,1108.05,2025-08-18
O00164,C0167,23-07-2025,Delivered,Credit Card,Website,336.75,112.25,49,385.75,2025-07-25
O00165,C0291,16-12-2024,Delivered,Debit Card,Website,2345.1,49.9,0,2345.1,2024-12-19
O00166,C0395,23-01-2025,Delivered,UPI,Website,424.15,74.85,40,464.15,2025-01-28
O00167,C0229,19-07-2024,Cancelled,UPI,Mobile App,1691.5,254.5,0,0.0,
O00168,C0314,06-06-2025,Delivered,UPI,Website,509.15,89.85,49,558.15,2025-06-09
O00169,C0202,02-10-2025,Delivered,UPI,Website,1577.2,69.8,0,1577.2,2025-10-11
O00170,C0069,12-08-2024,Delivered,Credit Card,Website,2217.85,177.15,0,2217.85,2024-08-15
O00171,C0296,25-05-2025,Delivered,Credit Card,Website,942.3,104.7,0,942.3,2025-05-31
O00172,C0073,23-06-2025,In Transit,Debit Card,Website,719.1,79.9,0,719.1,
O00173,C0380,10-11-2025,Delivered,Debit Card,Mobile App,509.15,89.85,49,558.15,2025-11-14
O00174,C0294,05-12-2024,In Transit,Net Banking,Website,381.65,67.35,59,440.65,
O00175,C0134,03-03-2024,Delivered,Credit Card,Mobile App,314.1,34.9,40,354.1,2024-03-08
O00176,C0143,09-11-2024,Cancelled,UPI,Website,449.1,49.9,0,0.0,
O00177,C0414,28-06-2024,Delivered,Credit Card,Mobile App,2663.8,182.2,0,2663.8,2024-07-02
O00178,C0108,14-08-2025,Delivered,Debit Card,Mobile App,616.55,32.45,59,675.55,2025-08-22
O00179,C0120,23-01-2025,Delivered,UPI,Website,1328.1,69.9,0,1328.1,2025-01-27
O00180,C0490,20-08-2025,Delivered,Net Banking,Mobile App,1677.2,119.8,0,1677.2,2025-08-25
O00181,C0354,03-07-2024,Delivered,UPI,Website,426.55,22.45,59,485.55,2024-07-07
O00182,C0481,31-08-2025,Cancelled,COD,Mobile App,1527.3,169.7,0,0.0,
O00183,C0496,08-07-2024,Delivered,UPI,Website,1627.25,119.75,0,1627.25,2024-07-14
O00184,C0490,17-08-2024,In Transit,UPI,Website,988.2,109.8,0,988.2,
O00185,C0133,19-08-2024,Delivered,Debit Card,Website,299.0,0.0,49,348.0,2024-08-22
O00186,C0464,04-02-2025,Delivered,COD,Website,848.3,149.7,0,848.3,2025-02-09
O00187,C0479,02-01-2025,Delivered,UPI,Marketplace,770.7,77.3,0,770.7,2025-01-05
O00188,C0496,28-01-2025,Delivered,UPI,Website,1248.0,0.0,0,1248.0,2025-02-06
O00189,C0330,11-11-2024,In Transit,Net Banking,Marketplace,679.15,119.85,49,728.15,
O00190,C0061,04-08-2024,Delivered,Credit Card,Mobile App,1996.1,49.9,0,1996.1,2024-08-10
O00191,C0421,09-04-2024,Delivered,Credit Card,Mobile App,853.1,44.9,0,853.1,2024-04-15
O00192,C0295,22-10-2024,Delivered,UPI,Website,359.1,39.9,49,408.1,2024-10-25
O00193,C0069,12-04-2024,Delivered,UPI,Website,1813.95,232.05,0,1813.95,2024-04-15
O00194,C0123,27-06-2024,Delivered,UPI,Website,1499.7,97.3,0,1499.7,2024-07-03
O00195,C0113,20-04-2025,Delivered,UPI,Website,698.0,0.0,59,757.0,2025-04-24
O00196,C0023,16-04-2024,Returned,UPI,Mobile App,1188.3,209.7,0,1188.3,2024-04-21
O00197,C0118,22-04-2024,Delivered,Debit Card,Mobile App,629.1,69.9,49,678.1,2024-04-25
O00198,C0233,01-07-2024,Delivered,Debit Card,Mobile App,2006.55,289.45,0,2006.55,2024-07-06
O00199,C0088,14-08-2025,Cancelled,UPI,Mobile App,211.65,37.35,0,0.0,
O00200,C0143,15-01-2024,Delivered,UPI,Website,913.35,184.65,0,913.35,2024-01-17
O00201,C0394,16-08-2025,Delivered,Net Banking,Mobile App,599.0,0.0,59,658.0,2025-08-20
O00202,C0047,17-01-2024,Delivered,Debit Card,Mobile App,735.85,162.15,0,735.85,2024-01-21
O00203,C0325,02-01-2024,Delivered,Net Banking,Website,319.2,79.8,59,378.2,2024-01-07
O00204,C0377,26-02-2024,Returned,UPI,Website,331.55,17.45,59,390.55,2024-03-02
O00205,C0447,20-12-2025,Delivered,UPI,Website,299.0,0.0,49,348.0,2025-12-24
O00206,C0425,05-05-2024,Delivered,Net Banking,Mobile App,296.65,52.35,40,336.65,2024-05-08
O00207,C0045,23-03-2024,Delivered,COD,Website,699.0,0.0,0,699.0,2024-03-26
O00208,C0012,27-10-2024,Delivered,COD,Website,349.0,0.0,40,389.0,2024-11-03
O00209,C0336,23-10-2025,Delivered,Debit Card,Website,279.2,69.8,49,328.2,2025-10-26
O00210,C0395,12-11-2024,In Transit,Credit Card,Website,551.65,97.35,59,610.65,
O00211,C0407,10-08-2024,In Transit,Credit Card,Website,629.1,69.9,49,678.1,
O00212,C0076,16-01-2025,In Transit,Credit Card,Website,359.2,89.8,49,408.2,
O00213,C0080,05-01-2024,Delivered,Credit Card,Mobile App,1527.45,269.55,0,1527.45,2024-01-14
O00214,C0410,01-08-2025,Returned,UPI,Website,549.0,0.0,40,589.0,2025-08-05
O00215,C0101,31-01-2025,Delivered,UPI,Website,639.2,159.8,59,698.2,2025-02-04
O00216,C0007,18-10-2024,Delivered,Credit Card,Mobile App,759.05,39.95,0,759.05,2024-10-22
O00217,C0072,24-08-2025,Delivered,UPI,Marketplace,1438.2,159.8,0,1438.2,2025-08-28
O00218,C0237,28-12-2025,Returned,UPI,Mobile App,853.1,44.9,0,853.1,2026-01-02
O00219,C0079,25-09-2024,Delivered,Debit Card,Website,1809.85,237.15,0,1809.85,2024-09-29
O00220,C0307,05-01-2025,Delivered,Net Banking,Mobile App,269.1,29.9,59,328.1,2025-01-07
O00221,C0450,22-10-2024,Delivered,UPI,Marketplace,559.2,139.8,59,618.2,2024-10-25
O00222,C0392,06-04-2024,Delivered,UPI,Website,948.1,49.9,0,948.1,2024-04-09
O00223,C0211,14-12-2024,Delivered,UPI,Website,940.05,206.95,0,940.05,2024-12-20
O00224,C0214,16-04-2025,Delivered,UPI,Website,269.1,29.9,59,328.1,2025-04-21
O00225,C0089,27-12-2025,Delivered,UPI,Website,818.4,179.6,0,818.4,2025-12-30
O00226,C0101,23-10-2025,Delivered,Credit Card,Marketplace,699.0,0.0,0,699.0,2025-10-26
O00227,C0301,23-07-2024,Delivered,UPI,Mobile App,1642.35,204.65,0,1642.35,2024-07-25
O00228,C0462,16-10-2025,Returned,COD,Mobile App,254.15,44.85,40,294.15,2025-10-19
O00229,C0209,25-04-2024,Delivered,Credit Card,Website,296.65,52.35,40,336.65,2024-04-29
O00230,C0352,30-03-2025,Delivered,COD,Website,1342.25,104.75,0,1342.25,2025-04-04
O00231,C0053,27-10-2024,Delivered,Net Banking,Website,339.15,59.85,59,398.15,2024-11-01
O00232,C0411,21-10-2025,Delivered,Debit Card,Marketplace,2720.2,74.8,0,2720.2,2025-10-24
O00233,C0168,05-06-2024,Delivered,Debit Card,Mobile App,426.55,22.45,49,475.55,2024-06-09
O00234,C0280,19-01-2024,Delivered,Credit Card,Marketplace,719.1,79.9,0,719.1,2024-01-21
O00235,C0441,06-11-2024,Delivered,Credit Card,Website,359.1,39.9,59,418.1,2024-11-11
O00236,C0244,29-07-2025,Delivered,UPI,Website,2879.2,114.8,0,2879.2,2025-07-31
O00237,C0339,07-09-2024,Delivered,Credit Card,Marketplace,699.0,0.0,0,699.0,2024-09-11
O00238,C0443,08-03-2025,Returned,UPI,Mobile App,922.1,24.9,0,922.1,2025-03-13
O00239,C0431,02-07-2025,Delivered,UPI,Mobile App,783.15,64.85,0,783.15,2025-07-07
O00240,C0219,02-08-2024,Delivered,Net Banking,Website,284.05,14.95,49,333.05,2024-08-07
O00241,C0361,12-06-2025,Delivered,UPI,Marketplace,740.65,57.35,0,740.65,2025-06-17
O00242,C0268,24-07-2024,Delivered,UPI,Mobile App,339.15,59.85,40,379.15,2024-07-29
O00243,C0137,20-10-2024,Delivered,Credit Card,Website,594.15,104.85,49,643.15,2024-10-24
O00244,C0217,24-10-2025,Delivered,UPI,Website,1038.15,59.85,0,1038.15,2025-10-26
O00245,C0161,08-09-2025,Delivered,COD,Mobile App,1672.4,274.6,0,1672.4,2025-09-13
O00246,C0122,10-11-2024,Cancelled,Debit Card,Mobile App,1090.6,57.4,0,0.0,
O00247,C0442,15-08-2025,Delivered,UPI,Website,509.15,89.85,40,549.15,2025-08-19
O00248,C0421,10-08-2025,Cancelled,Debit Card,Marketplace,1469.65,77.35,0,0.0,
O00249,C0416,29-10-2024,Delivered,COD,Website,2834.7,359.3,0,2834.7,2024-11-05
O00250,C0482,18-05-2025,Delivered,Net Banking,Mobile App,1072.3,124.7,0,1072.3,2025-05-20
O00251,C0406,24-01-2025,Delivered,UPI,Website,1144.95,202.05,0,1144.95,2025-01-30
O00252,C0352,24-02-2025,Delivered,Credit Card,Mobile App,508.3,89.7,40,548.3,2025-02-26
O00253,C0115,22-01-2024,Returned,Debit Card,Mobile App,1184.65,62.35,0,1184.65,2024-01-30
O00254,C0476,09-04-2025,Delivered,UPI,Website,1541.4,154.6,0,1541.4,2025-04-12
O00255,C0121,24-09-2025,Delivered,Credit Card,Mobile App,523.5,174.5,49,572.5,2025-09-29
O00256,C0363,09-03-2025,Delivered,UPI,Website,898.5,299.5,0,898.5,2025-03-17
O00257,C0307,27-12-2025,Delivered,UPI,Mobile App,261.75,87.25,59,320.75,2025-12-29
O00258,C0450,13-11-2024,Delivered,UPI,Website,2178.05,266.95,0,2178.05,2024-11-19
O00259,C0487,03-06-2024,Returned,Debit Card,Website,539.1,59.9,40,579.1,2024-06-09
O00260,C0064,07-11-2024,Cancelled,Debit Card,Mobile App,1596.0,0.0,0,0.0,
O00261,C0472,19-03-2024,Delivered,UPI,Website,236.55,12.45,40,276.55,2024-03-26
O00262,C0246,09-04-2025,Delivered,Debit Card,Website,359.2,89.8,59,418.2,2025-04-16
O00263,C0067,04-08-2024,Delivered,UPI,Mobile App,803.2,94.8,0,803.2,2024-08-08
O00264,C0146,24-10-2025,Delivered,UPI,Website,339.15,59.85,40,379.15,2025-10-28
O00265,C0229,01-02-2025,Delivered,Credit Card,Mobile App,808.1,39.9,0,808.1,2025-02-04
O00266,C0080,22-05-2025,Delivered,UPI,Website,299.25,99.75,59,358.25,2025-05-29
O00267,C0268,13-03-2025,Delivered,UPI,Website,359.1,39.9,59,418.1,2025-03-19
O00268,C0059,08-11-2025,Delivered,Net Banking,Website,254.15,44.85,59,313.15,2025-11-12
O00269,C0175,10-07-2024,Delivered,COD,Website,893.1,54.9,0,893.1,2024-07-14
O00270,C0382,08-09-2025,Delivered,Net Banking,Mobile App,1097.0,0.0,0,1097.0,2025-09-14
O00271,C0097,28-01-2024,Delivered,Debit Card,Website,963.1,34.9,0,963.1,2024-01-31
O00272,C0011,05-04-2025,Delivered,Credit Card,Mobile App,466.65,82.35,49,515.65,2025-04-12
O00273,C0306,21-07-2025,Delivered,UPI,Website,1452.1,44.9,0,1452.1,2025-07-26
O00274,C0138,25-10-2025,Delivered,Credit Card,Marketplace,284.05,14.95,40,324.05,2025-10-29
O00275,C0174,08-09-2025,Delivered,Credit Card,Mobile App,987.3,109.7,0,987.3,2025-09-17
O00276,C0342,24-10-2024,Delivered,UPI,Website,3641.8,202.2,0,3641.8,2024-10-29
O00277,C0402,29-12-2024,Delivered,Credit Card,Mobile App,1911.95,584.05,0,1911.95,2025-01-04
O00278,C0440,14-04-2024,Delivered,UPI,Mobile App,1852.15,94.85,0,1852.15,2024-04-17
O00279,C0225,01-03-2025,Delivered,Net Banking,Website,551.65,97.35,49,600.65,2025-03-05
O00280,C0078,26-06-2025,Delivered,Net Banking,Website,593.3,104.7,49,642.3,2025-07-04
O00281,C0484,11-11-2024,In Transit,UPI,Website,979.65,67.35,0,979.65,
O00282,C0339,16-06-2025,Delivered,Net Banking,Mobile App,2076.5,219.5,0,2076.5,2025-06-23
O00283,C0317,29-10-2025,Delivered,Net Banking,Mobile App,1238.25,159.75,0,1238.25,2025-11-03
O00284,C0110,05-04-2024,Delivered,UPI,Mobile App,569.05,29.95,49,618.05,2024-04-11
O00285,C0057,02-03-2024,Delivered,Credit Card,Website,780.55,17.45,0,780.55,2024-03-08
O00286,C0366,04-10-2025,Cancelled,UPI,Website,878.05,19.95,0,0.0,
O00287,C0265,19-08-2025,Delivered,Credit Card,Website,379.05,19.95,40,419.05,2025-08-23
O00288,C0302,26-07-2025,Delivered,UPI,Website,718.2,79.8,0,718.2,2025-08-04
O00289,C0074,22-10-2025,Delivered,Debit Card,Mobile App,594.15,104.85,59,653.15,2025-10-26
O00290,C0309,14-11-2024,Delivered,Credit Card,Website,349.0,0.0,40,389.0,2024-11-17
O00291,C0025,08-11-2024,Delivered,Net Banking,Website,1518.1,79.9,0,1518.1,2024-11-13
O00292,C0461,11-12-2024,Delivered,Debit Card,Mobile App,1067.2,79.8,0,1067.2,2024-12-17
O00293,C0210,31-01-2025,Delivered,Credit Card,Marketplace,1876.4,169.6,0,1876.4,2025-02-05
O00294,C0491,06-08-2025,Delivered,Credit Card,Website,1057.35,139.65,0,1057.35,2025-08-11
O00295,C0252,24-01-2024,Delivered,UPI,Website,1617.3,179.7,0,1617.3,2024-01-28
O00296,C0348,07-11-2024,Delivered,UPI,Website,379.05,19.95,40,419.05,2024-11-09
O00297,C0198,27-04-2024,Delivered,Credit Card,Website,898.0,0.0,0,898.0,2024-05-02
O00298,C0052,09-09-2024,Delivered,UPI,Mobile App,424.15,74.85,40,464.15,2024-09-13
O00299,C0401,08-09-2024,Delivered,COD,Website,663.1,34.9,40,703.1,2024-09-10
O00300,C0247,06-10-2024,Cancelled,UPI,Website,850.7,97.3,0,0.0,
O00301,C0203,30-10-2024,In Transit,Net Banking,Website,638.4,159.6,59,697.4,
O00302,C0134,25-12-2025,Delivered,COD,Website,424.15,74.85,59,483.15,2026-01-02
O00303,C0003,10-01-2024,Delivered,Net Banking,Mobile App,695.65,52.35,59,754.65,2024-01-14
O00304,C0199,30-06-2024,Delivered,COD,Website,594.15,104.85,49,643.15,2024-07-05
O00305,C0099,02-04-2024,Delivered,Net Banking,Website,2606.85,187.15,0,2606.85,2024-04-05
O00306,C0345,29-11-2025,Delivered,Credit Card,Mobile App,718.4,179.6,0,718.4,2025-12-05
O00307,C0273,21-09-2025,Delivered,Credit Card,Marketplace,2560.25,134.75,0,2560.25,2025-09-26
O00308,C0186,13-06-2025,Returned,UPI,Website,349.0,0.0,40,389.0,2025-06-20
O00309,C0470,12-09-2024,Delivered,UPI,Mobile App,339.15,59.85,49,388.15,2024-09-19
O00310,C0427,25-02-2024,Delivered,UPI,Website,1836.6,359.4,0,1836.6,2024-02-29
O00311,C0356,07-03-2024,Delivered,Net Banking,Website,1727.1,69.9,0,1727.1,2024-03-12
O00312,C0408,14-03-2025,Delivered,UPI,Marketplace,1148.0,0.0,0,1148.0,2025-03-20
O00313,C0182,07-03-2025,Delivered,UPI,Website,629.1,69.9,59,688.1,2025-03-13
O00314,C0309,17-12-2024,In Transit,Credit Card,Mobile App,1078.2,119.8,0,1078.2,
O00315,C0028,08-03-2025,In Transit,Debit Card,Website,551.65,97.35,49,600.65,
O00316,C0308,10-12-2025,Delivered,COD,Mobile App,551.65,97.35,40,591.65,2025-12-14
O00317,C0328,16-08-2024,Delivered,UPI,Website,1177.05,19.95,0,1177.05,2024-08-18
O00318,C0100,08-10-2025,Delivered,UPI,Website,1103.3,194.7,0,1103.3,2025-10-12
O00319,C0092,06-11-2024,Delivered,Debit Card,Website,1472.25,124.75,0,1472.25,2024-11-14
O00320,C0320,20-03-2025,Delivered,UPI,Marketplace,1623.75,122.25,0,1623.75,2025-03-22
O00321,C0097,02-07-2025,Delivered,UPI,Mobile App,629.1,69.9,49,678.1,2025-07-05
O00322,C0034,20-06-2024,Delivered,Debit Card,Website,331.55,17.45,59,390.55,2024-06-24
O00323,C0243,01-10-2024,Delivered,Net Banking,Mobile App,569.05,29.95,40,609.05,2024-10-05
O00324,C0293,09-06-2024,Delivered,Credit Card,Website,359.1,39.9,49,408.1,2024-06-14
O00325,C0189,24-05-2025,Delivered,UPI,Website,1137.35,159.65,0,1137.35,2025-06-01
O00326,C0103,07-12-2024,Delivered,UPI,Mobile App,1601.9,494.1,0,1601.9,2024-12-14
O00327,C0401,17-02-2025,Cancelled,Debit Card,Website,852.15,44.85,0,0.0,
O00328,C0120,12-06-2025,Delivered,Credit Card,Mobile App,1138.1,59.9,0,1138.1,2025-06-20
O00329,C0016,26-10-2024,Returned,UPI,Mobile App,1118.15,79.85,0,1118.15,2024-10-30
O00330,C0170,04-08-2025,Delivered,Credit Card,Mobile App,1956.3,139.7,0,1956.3,2025-08-09
O00331,C0096,25-01-2025,Delivered,UPI,Website,331.55,17.45,49,380.55,2025-01-29
O00332,C0067,03-07-2025,Delivered,UPI,Marketplace,679.15,119.85,59,738.15,2025-07-07
O00333,C0481,13-11-2024,Delivered,Debit Card,Website,616.55,32.45,40,656.55,2024-11-18
O00334,C0451,17-05-2025,Delivered,Debit Card,Website,1151.3,94.7,0,1151.3,2025-05-23
O00335,C0049,06-02-2025,Delivered,Net Banking,Website,1486.3,109.7,0,1486.3,2025-02-10
O00336,C0259,29-11-2024,Delivered,UPI,Website,404.1,44.9,49,453.1,2024-12-05
O00337,C0204,12-08-2024,Delivered,Debit Card,Website,299.25,99.75,40,339.25,2024-08-16
O00338,C0311,18-08-2024,Delivered,UPI,Mobile App,599.0,0.0,59,658.0,2024-08-20
O00339,C0111,28-03-2025,Cancelled,Net Banking,Mobile App,895.65,52.35,0,0.0,
O00340,C0393,25-07-2024,Delivered,UPI,Website,249.0,0.0,59,308.0,2024-07-27
O00341,C0050,22-10-2024,Delivered,UPI,Website,1183.25,164.75,0,1183.25,2024-10-26
O00342,C0200,05-08-2024,Delivered,Net Banking,Mobile App,569.05,29.95,59,628.05,2024-08-09
O00343,C0365,03-07-2025,Returned,Credit Card,Website,759.05,39.95,0,759.05,2025-07-11
O00344,C0453,05-12-2025,Cancelled,Credit Card,Website,735.8,112.2,0,0.0,
O00345,C0120,22-01-2024,Returned,UPI,Mobile App,995.6,52.4,0,995.6,2024-01-24
O00346,C0406,28-02-2025,Delivered,UPI,Mobile App,479.2,119.8,59,538.2,2025-03-09
O00347,C0357,15-08-2024,Delivered,UPI,Website,799.0,0.0,0,799.0,2024-08-20
O00348,C0304,16-07-2025,Returned,UPI,Website,1030.55,17.45,0,1030.55,2025-07-20
O00349,C0185,11-02-2025,Delivered,Credit Card,Mobile App,1168.2,129.8,0,1168.2,2025-02-17
O00350,C0305,17-10-2025,Delivered,Credit Card,Website,499.0,0.0,49,548.0,2025-10-20
O00351,C0003,14-01-2024,Delivered,UPI,Website,331.55,17.45,49,380.55,2024-01-19
O00352,C0210,09-02-2024,Delivered,COD,Website,738.15,59.85,0,738.15,2024-02-13
O00353,C0125,15-11-2024,Delivered,UPI,Mobile App,998.0,0.0,0,998.0,2024-11-18
O00354,C0340,20-08-2024,Delivered,UPI,Mobile App,3038.1,406.9,0,3038.1,2024-08-28
O00355,C0056,13-10-2025,Delivered,Net Banking,Website,349.0,0.0,40,389.0,2025-10-19
O00356,C0269,02-03-2025,Delivered,UPI,Website,2556.2,139.8,0,2556.2,2025-03-04
O00357,C0226,03-10-2025,Delivered,Debit Card,Website,699.0,0.0,0,699.0,2025-10-06
O00358,C0390,05-11-2024,Delivered,Debit Card,Website,314.1,34.9,49,363.1,2024-11-13
O00359,C0173,10-09-2025,Delivered,Net Banking,Marketplace,733.05,14.95,0,733.05,2025-09-13
O00360,C0014,14-08-2025,In Transit,Debit Card,Website,538.2,59.8,59,597.2,
O00361,C0097,04-01-2024,In Transit,Net Banking,Website,1043.1,54.9,0,1043.1,
O00362,C0228,27-08-2024,Delivered,Credit Card,Website,673.5,224.5,59,732.5,2024-09-03
O00363,C0151,13-09-2025,Delivered,Credit Card,Mobile App,1254.95,242.05,0,1254.95,2025-09-16
O00364,C0124,06-09-2024,Delivered,Debit Card,Website,239.2,59.8,49,288.2,2024-09-12
O00365,C0064,20-08-2025,Delivered,UPI,Mobile App,1214.8,132.2,0,1214.8,2025-08-25
O00366,C0414,26-08-2024,Delivered,UPI,Website,950.05,196.95,0,950.05,2024-08-31
O00367,C0434,01-02-2025,Delivered,UPI,Mobile App,875.65,72.35,0,875.65,2025-02-04
O00368,C0429,12-08-2024,Delivered,Credit Card,Website,1276.05,19.95,0,1276.05,2024-08-21
O00369,C0245,08-10-2025,Delivered,Debit Card,Website,2648.35,496.65,0,2648.35,2025-10-13
O00370,C0012,15-07-2025,Delivered,Credit Card,Website,569.05,29.95,40,609.05,2025-07-21
O00371,C0050,14-05-2024,Delivered,Net Banking,Website,2195.2,99.8,0,2195.2,2024-05-19
O00372,C0193,13-03-2025,Delivered,UPI,Website,404.1,44.9,49,453.1,2025-03-18
O00373,C0322,17-02-2025,Delivered,UPI,Website,835.75,162.25,0,835.75,2025-02-21
O00374,C0196,08-10-2024,Delivered,UPI,Website,853.1,44.9,0,853.1,2024-10-13
O00375,C0246,07-10-2024,Delivered,Credit Card,Website,2925.6,369.4,0,2925.6,2024-10-12
O00376,C0495,05-11-2025,Delivered,Credit Card,Website,399.0,0.0,40,439.0,2025-11-10
O00377,C0044,07-05-2024,Delivered,Credit Card,Website,1477.4,219.6,0,1477.4,2024-05-12
O00378,C0181,12-09-2025,Delivered,UPI,Mobile App,551.65,97.35,40,591.65,2025-09-17
O00379,C0217,17-03-2024,Delivered,Debit Card,Website,359.2,89.8,40,399.2,2024-03-22
O00380,C0099,16-01-2025,Delivered,Credit Card,Website,930.8,217.2,0,930.8,2025-01-21
O00381,C0209,08-03-2024,Delivered,COD,Mobile App,349.0,0.0,40,389.0,2024-03-12
O00382,C0302,14-11-2024,Cancelled,Credit Card,Mobile App,1925.6,269.4,0,0.0,
O00383,C0245,20-08-2024,Delivered,UPI,Website,296.65,52.35,49,345.65,2024-08-26
O00384,C0225,28-12-2024,Delivered,UPI,Website,2356.45,339.55,0,2356.45,2025-01-03
O00385,C0085,19-10-2025,Delivered,Credit Card,Mobile App,1969.95,374.05,0,1969.95,2025-10-25
O00386,C0384,19-12-2024,Delivered,COD,Mobile App,2542.15,301.85,0,2542.15,2024-12-26
O00387,C0488,22-02-2024,Delivered,UPI,Website,1307.2,89.8,0,1307.2,2024-02-25
O00388,C0479,19-04-2025,Cancelled,UPI,Website,664.05,34.95,0,0.0,
O00389,C0370,09-07-2024,Delivered,Credit Card,Website,479.2,119.8,40,519.2,2024-07-12
O00390,C0116,26-04-2025,Delivered,Credit Card,Website,1777.05,19.95,0,1777.05,2025-04-30
O00391,C0102,23-04-2024,Delivered,UPI,Mobile App,1838.95,207.05,0,1838.95,2024-04-27
O00392,C0452,13-02-2025,Returned,Net Banking,Website,699.0,0.0,0,699.0,2025-02-18
O00393,C0220,03-09-2025,Delivered,UPI,Website,1088.25,159.75,0,1088.25,2025-09-12
O00394,C0359,29-05-2025,Delivered,Net Banking,Mobile App,664.05,34.95,40,704.05,2025-06-06
O00395,C0195,21-02-2025,Delivered,COD,Website,599.0,0.0,40,639.0,2025-02-24
O00396,C0164,18-02-2024,Delivered,Debit Card,Website,664.05,34.95,49,713.05,2024-02-26
O00397,C0007,30-11-2025,Cancelled,UPI,Mobile App,379.05,19.95,0,0.0,
O00398,C0333,09-10-2024,Delivered,Net Banking,Website,1682.35,214.65,0,1682.35,2024-10-17
O00399,C0390,25-07-2024,Delivered,UPI,Website,1409.75,137.25,0,1409.75,2024-07-30
O00400,C0269,30-05-2025,Delivered,UPI,Marketplace,299.25,99.75,40,339.25,2025-06-05
O00401,C0197,29-07-2025,Delivered,UPI,Website,559.2,139.8,59,618.2,2025-08-02
O00402,C0269,22-09-2024,Delivered,Debit Card,Mobile App,549.0,0.0,40,589.0,2024-09-30
O00403,C0329,11-09-2024,Delivered,UPI,Mobile App,1197.4,99.6,0,1197.4,2024-09-18
O00404,C0422,30-12-2024,In Transit,UPI,Marketplace,211.65,37.35,40,251.65,
O00405,C0370,05-12-2025,Delivered,Net Banking,Mobile App,379.05,19.95,59,438.05,2025-12-10
O00406,C0203,08-06-2024,Delivered,Credit Card,Website,381.65,67.35,40,421.65,2024-06-11
O00407,C0374,03-07-2024,Delivered,UPI,Website,499.0,0.0,40,539.0,2024-07-07
O00408,C0207,12-04-2024,Delivered,Debit Card,Website,349.0,0.0,59,408.0,2024-04-20
O00409,C0308,14-01-2024,Delivered,Net Banking,Website,1442.45,254.55,0,1442.45,2024-01-18
O00410,C0125,27-02-2024,Delivered,Credit Card,Website,319.2,79.8,49,368.2,2024-03-01
O00411,C0013,20-08-2024,Delivered,Debit Card,Website,1906.1,39.9,0,1906.1,2024-08-25
O00412,C0078,01-07-2024,Delivered,UPI,Website,1553.85,192.15,0,1553.85,2024-07-07
O00413,C0442,01-06-2024,Delivered,UPI,Website,635.55,12.45,49,684.55,2024-06-10
O00414,C0218,07-05-2025,Delivered,Net Banking,Website,808.2,89.8,0,808.2,2025-05-13
O00415,C0360,30-03-2024,Delivered,COD,Website,798.0,0.0,0,798.0,2024-04-03
O00416,C0444,22-05-2024,Delivered,Net Banking,Marketplace,1372.55,324.45,0,1372.55,2024-05-26
O00417,C0340,12-08-2025,Delivered,UPI,Website,998.0,0.0,0,998.0,2025-08-15
O00418,C0384,24-06-2025,Delivered,UPI,Website,833.35,164.65,0,833.35,2025-06-29
O00419,C0284,29-12-2025,Returned,Credit Card,Mobile App,1752.3,194.7,0,1752.3,2026-01-07
O00420,C0310,20-03-2024,Delivered,UPI,Mobile App,1048.0,0.0,0,1048.0,2024-03-25
O00421,C0015,02-09-2024,Delivered,UPI,Mobile App,998.25,99.75,0,998.25,2024-09-07
O00422,C0405,06-11-2024,Returned,UPI,Website,296.65,52.35,59,355.65,2024-11-10
O00423,C0258,13-04-2024,Delivered,UPI,Mobile App,799.0,0.0,0,799.0,2024-04-18
O00424,C0453,08-08-2024,Delivered,Debit Card,Website,2044.6,249.4,0,2044.6,2024-08-12
O00425,C0322,12-08-2024,Delivered,UPI,Mobile App,1048.0,0.0,0,1048.0,2024-08-17
O00426,C0133,29-04-2025,Delivered,Credit Card,Marketplace,932.3,114.7,0,932.3,2025-05-04
O00427,C0231,26-09-2024,In Transit,UPI,Marketplace,314.1,34.9,40,354.1,
O00428,C0437,17-04-2024,Delivered,UPI,Website,314.1,34.9,59,373.1,2024-04-22
O00429,C0056,28-03-2024,Delivered,COD,Website,379.05,19.95,59,438.05,2024-04-01
O00430,C0244,27-04-2024,Delivered,UPI,Website,1802.15,94.85,0,1802.15,2024-05-01
O00431,C0028,04-08-2024,In Transit,Debit Card,Website,1048.25,149.75,0,1048.25,
O00432,C0269,07-08-2024,Delivered,Net Banking,Website,1607.35,189.65,0,1607.35,2024-08-11
O00433,C0200,11-01-2024,Returned,UPI,Mobile App,1611.6,284.4,0,1611.6,2024-01-13
O00434,C0483,08-05-2024,Delivered,Credit Card,Website,868.15,79.85,0,868.15,2024-05-11
O00435,C0490,15-01-2024,Delivered,UPI,Website,2373.8,172.2,0,2373.8,2024-01-19
O00436,C0172,26-04-2024,Delivered,UPI,Mobile App,359.1,39.9,59,418.1,2024-04-30
O00437,C0046,22-01-2025,Delivered,Debit Card,Marketplace,399.0,0.0,49,448.0,2025-01-29
O00438,C0101,25-04-2025,Delivered,Net Banking,Website,1426.4,169.6,0,1426.4,2025-05-02
O00439,C0345,21-01-2025,Delivered,UPI,Website,1721.4,174.6,0,1721.4,2025-01-30
O00440,C0220,11-05-2024,Delivered,Debit Card,Website,551.65,97.35,40,591.65,2024-05-16
O00441,C0402,05-02-2025,Delivered,UPI,Mobile App,1936.25,159.75,0,1936.25,2025-02-09
O00442,C0067,09-04-2025,Delivered,UPI,Mobile App,1188.3,209.7,0,1188.3,2025-04-15
O00443,C0043,27-05-2024,Delivered,Credit Card,Website,474.05,24.95,40,514.05,2024-05-29
O00444,C0186,31-07-2024,Delivered,UPI,Website,1426.2,119.8,0,1426.2,2024-08-05
O00445,C0017,30-04-2024,In Transit,Credit Card,Mobile App,519.2,129.8,40,559.2,
O00446,C0311,31-01-2024,Delivered,Debit Card,Website,599.0,0.0,40,639.0,2024-02-06
O00447,C0138,07-10-2024,In Transit,UPI,Mobile App,314.1,34.9,49,363.1,
O00448,C0473,16-07-2024,Delivered,Net Banking,Mobile App,2031.3,164.7,0,2031.3,2024-07-20
O00449,C0420,06-03-2024,Returned,COD,Website,748.5,249.5,0,748.5,2024-03-11
O00450,C0191,06-11-2024,Delivered,Debit Card,Mobile App,379.05,19.95,40,419.05,2024-11-10
O00451,C0270,14-11-2024,Returned,Net Banking,Mobile App,553.15,44.85,49,602.15,2024-11-18
O00452,C0146,19-01-2024,Cancelled,COD,Marketplace,399.2,99.8,0,0.0,
O00453,C0471,15-10-2025,Delivered,UPI,Mobile App,853.2,94.8,0,853.2,2025-10-19
O00454,C0233,20-05-2025,In Transit,UPI,Website,1058.15,89.85,0,1058.15,
O00455,C0224,27-10-2024,Delivered,Credit Card,Website,1358.05,39.95,0,1358.05,2024-11-01
O00456,C0195,03-10-2024,Returned,Credit Card,Website,519.2,129.8,49,568.2,2024-10-08
O00457,C0500,14-10-2024,Delivered,UPI,Website,479.2,119.8,59,538.2,2024-10-19
O00458,C0356,21-01-2025,Delivered,Debit Card,Website,381.65,67.35,59,440.65,2025-01-26
O00459,C0079,25-10-2024,Returned,UPI,Website,963.3,134.7,0,963.3,2024-10-30
O00460,C0244,08-11-2025,Delivered,UPI,Mobile App,664.05,34.95,49,713.05,2025-11-10
O00461,C0375,08-03-2025,Delivered,UPI,Website,1125.55,22.45,0,1125.55,2025-03-15
O00462,C0123,08-03-2024,Delivered,Net Banking,Mobile App,296.65,52.35,59,355.65,2024-03-11
O00463,C0362,02-09-2025,Delivered,UPI,Marketplace,848.0,0.0,0,848.0,2025-09-06
O00464,C0172,06-11-2024,Delivered,Debit Card,Website,279.2,69.8,49,328.2,2024-11-09
O00465,C0291,27-11-2025,Cancelled,Credit Card,Website,509.15,89.85,0,0.0,
O00466,C0232,17-05-2025,In Transit,UPI,Website,466.65,82.35,59,525.65,
O00467,C0397,10-11-2025,Returned,Credit Card,Website,1386.6,209.4,0,1386.6,2025-11-14
O00468,C0100,21-01-2025,In Transit,Net Banking,Mobile App,1391.5,204.5,0,1391.5,
O00469,C0159,15-08-2025,Cancelled,UPI,Mobile App,1947.0,0.0,0,0.0,
O00470,C0349,02-06-2024,Delivered,Credit Card,Website,539.1,59.9,40,579.1,2024-06-06
O00471,C0028,15-05-2025,Delivered,Debit Card,Website,639.2,159.8,59,698.2,2025-05-23
O00472,C0489,29-03-2024,Delivered,Debit Card,Website,1834.1,311.9,0,1834.1,2024-04-06
O00473,C0089,31-07-2025,Cancelled,Net Banking,Website,888.25,109.75,0,0.0,
O00474,C0237,12-07-2025,Delivered,Net Banking,Website,254.15,44.85,49,303.15,2025-07-16
O00475,C0015,22-01-2025,Delivered,Credit Card,Website,404.1,44.9,59,463.1,2025-01-29
O00476,C0004,18-04-2025,Cancelled,Credit Card,Website,474.05,24.95,0,0.0,
O00477,C0050,24-10-2024,Delivered,Net Banking,Website,628.35,119.65,40,668.35,2024-10-27
O00478,C0437,07-06-2024,Delivered,COD,Website,299.0,0.0,59,358.0,2024-06-14
O00479,C0127,18-08-2024,Delivered,UPI,Website,423.3,74.7,59,482.3,2024-08-21
O00480,C0225,04-11-2025,Delivered,Debit Card,Website,885.65,62.35,0,885.65,2025-11-09
O00481,C0253,11-01-2025,Delivered,Debit Card,Website,359.1,39.9,59,418.1,2025-01-15
O00482,C0018,22-10-2025,Delivered,Credit Card,Marketplace,1258.2,139.8,0,1258.2,2025-10-24
O00483,C0200,17-10-2025,Delivered,Debit Card,Website,890.75,157.25,0,890.75,2025-10-22
O00484,C0295,26-12-2025,Delivered,Credit Card,Website,359.1,39.9,49,408.1,2025-12-28
O00485,C0055,26-05-2025,Delivered,Debit Card,Marketplace,1716.3,179.7,0,1716.3,2025-05-30
O00486,C0227,18-01-2025,Cancelled,COD,Website,585.55,12.45,0,0.0,
O00487,C0147,18-08-2024,Delivered,Net Banking,Mobile App,449.1,49.9,40,489.1,2024-08-20
O00488,C0291,13-07-2025,Delivered,Debit Card,Marketplace,998.2,99.8,0,998.2,2025-07-20
O00489,C0411,09-03-2024,Delivered,Net Banking,Mobile App,404.1,44.9,40,444.1,2024-03-14
O00490,C0473,14-09-2024,Delivered,Net Banking,Website,359.1,39.9,59,418.1,2024-09-19
O00491,C0299,27-04-2025,In Transit,Debit Card,Website,1398.0,0.0,0,1398.0,
O00492,C0105,14-07-2025,Delivered,Debit Card,Marketplace,808.2,89.8,0,808.2,2025-07-19
O00493,C0414,06-02-2024,Delivered,UPI,Mobile App,1759.65,87.35,0,1759.65,2024-02-12
O00494,C0117,22-01-2024,Delivered,Debit Card,Website,598.15,49.85,40,638.15,2024-01-26
O00495,C0460,22-09-2025,Delivered,UPI,Website,569.05,29.95,59,628.05,2025-09-28
O00496,C0275,13-08-2024,Delivered,UPI,Website,494.1,54.9,40,534.1,2024-08-22
O00497,C0337,13-08-2025,Delivered,Debit Card,Website,1978.85,167.15,0,1978.85,2025-08-18
O00498,C0249,30-10-2024,Delivered,Debit Card,Website,299.25,99.75,59,358.25,2024-11-03
O00499,C0488,14-08-2024,Delivered,UPI,Mobile App,629.1,69.9,49,678.1,2024-08-18
O00500,C0221,05-11-2024,Delivered,UPI,Website,1527.45,269.55,0,1527.45,2024-11-09
O00501,C0223,13-03-2025,Returned,Debit Card,Mobile App,758.1,39.9,0,758.1,2025-03-22
O00502,C0266,28-01-2025,Delivered,COD,Website,798.0,0.0,0,798.0,2025-01-31
O00503,C0173,07-08-2025,Delivered,UPI,Mobile App,833.15,64.85,0,833.15,2025-08-10
O00504,C0226,10-01-2024,In Transit,Credit Card,Mobile App,1138.1,59.9,0,1138.1,
O00505,C0313,18-07-2025,Delivered,UPI,Mobile App,719.1,79.9,0,719.1,2025-07-21
O00506,C0026,12-08-2024,Delivered,Net Banking,Mobile App,254.15,44.85,49,303.15,2024-08-21
O00507,C0308,28-08-2024,Delivered,Credit Card,Website,679.15,119.85,49,728.15,2024-08-30
O00508,C0311,03-01-2025,Delivered,Debit Card,Website,2320.4,224.6,0,2320.4,2025-01-07
O00509,C0196,13-08-2024,Delivered,COD,Mobile App,1307.4,189.6,0,1307.4,2024-08-18
O00510,C0467,06-09-2024,Delivered,COD,Website,224.1,24.9,49,273.1,2024-09-10
O00511,C0248,11-09-2025,Delivered,UPI,Mobile App,2410.25,134.75,0,2410.25,2025-09-15
O00512,C0102,03-07-2024,Delivered,UPI,Website,449.0,0.0,40,489.0,2024-07-10
O00513,C0264,26-06-2025,Returned,UPI,Website,239.2,59.8,49,288.2,2025-07-01
O00514,C0487,04-04-2025,Delivered,Debit Card,Website,897.3,99.7,0,897.3,2025-04-07
O00515,C0195,24-11-2024,Delivered,Credit Card,Marketplace,629.1,69.9,59,688.1,2024-11-29
O00516,C0219,19-10-2024,Delivered,UPI,Website,538.2,59.8,40,578.2,2024-10-23
O00517,C0115,22-06-2024,Returned,COD,Mobile App,2325.7,369.3,0,2325.7,2024-06-28
O00518,C0426,09-04-2025,Delivered,Debit Card,Mobile App,319.2,79.8,49,368.2,2025-04-15
O00519,C0373,17-03-2024,Delivered,UPI,Mobile App,379.05,19.95,40,419.05,2024-03-21
O00520,C0407,17-06-2025,Cancelled,Debit Card,Mobile App,449.0,0.0,0,0.0,
O00521,C0193,13-08-2024,Delivered,UPI,Mobile App,2236.8,559.2,0,2236.8,2024-08-15
O00522,C0215,05-12-2025,Delivered,Credit Card,Mobile App,284.05,14.95,40,324.05,2025-12-12
O00523,C0251,07-10-2025,Delivered,Credit Card,Website,759.05,39.95,0,759.05,2025-10-15
O00524,C0490,22-11-2024,Delivered,UPI,Website,1921.15,74.85,0,1921.15,2024-11-27
O00525,C0415,28-03-2025,Delivered,UPI,Website,404.1,44.9,40,444.1,2025-04-02
O00526,C0486,20-09-2025,Delivered,Credit Card,Marketplace,663.1,34.9,49,712.1,2025-09-26
O00527,C0336,20-02-2024,Delivered,UPI,Website,424.15,74.85,49,473.15,2024-02-24
O00528,C0433,21-01-2024,Delivered,Credit Card,Mobile App,629.1,69.9,59,688.1,2024-01-24
O00529,C0336,19-10-2025,Cancelled,UPI,Website,1412.1,34.9,0,0.0,
O00530,C0302,04-02-2025,Delivered,UPI,Website,521.55,27.45,49,570.55,2025-02-12
O00531,C0193,25-10-2024,Delivered,UPI,Website,284.05,14.95,49,333.05,2024-10-31
O00532,C0391,13-07-2025,Delivered,Credit Card,Website,693.15,54.85,40,733.15,2025-07-15
O00533,C0073,16-02-2025,Delivered,Debit Card,Mobile App,379.05,19.95,49,428.05,2025-02-23
O00534,C0354,02-08-2024,Delivered,Credit Card,Website,1536.2,159.8,0,1536.2,2024-08-05
O00535,C0193,10-05-2024,Delivered,Debit Card,Website,236.55,12.45,40,276.55,2024-05-15
O00536,C0072,14-07-2025,Delivered,UPI,Marketplace,1238.2,159.8,0,1238.2,2025-07-18
O00537,C0412,20-09-2025,Delivered,Credit Card,Website,599.25,199.75,40,639.25,2025-09-23
O00538,C0243,11-01-2024,Delivered,Credit Card,Marketplace,299.0,0.0,49,348.0,2024-01-15
O00539,C0180,13-10-2025,Delivered,Credit Card,Marketplace,718.2,79.8,0,718.2,2025-10-17
O00540,C0207,17-09-2024,Delivered,UPI,Mobile App,629.1,69.9,40,669.1,2024-09-23
O00541,C0393,27-01-2025,Delivered,Credit Card,Website,1247.5,149.5,0,1247.5,2025-01-29
O00542,C0076,15-08-2024,Delivered,COD,Website,670.7,77.3,49,719.7,2024-08-21
O00543,C0432,07-08-2024,Returned,Net Banking,Mobile App,1104.85,142.15,0,1104.85,2024-08-11
O00544,C0196,15-10-2025,Delivered,UPI,Website,2007.25,189.75,0,2007.25,2025-10-20
O00545,C0204,14-02-2024,Delivered,UPI,Website,793.1,54.9,0,793.1,2024-02-20
O00546,C0280,19-08-2024,Returned,UPI,Mobile App,1402.35,194.65,0,1402.35,2024-08-22
O00547,C0163,15-08-2025,Delivered,COD,Website,1137.2,59.8,0,1137.2,2025-08-19
O00548,C0089,12-10-2025,Cancelled,UPI,Website,679.15,119.85,0,0.0,
O00549,C0290,12-08-2024,Delivered,UPI,Mobile App,1491.65,304.35,0,1491.65,2024-08-15
O00550,C0290,19-11-2024,Cancelled,UPI,Website,2075.5,219.5,0,0.0,
O00551,C0080,04-07-2025,In Transit,Credit Card,Mobile App,2646.35,249.65,0,2646.35,
O00552,C0263,03-08-2024,Delivered,UPI,Website,1245.65,102.35,0,1245.65,2024-08-05
O00553,C0323,02-01-2025,Delivered,Credit Card,Website,1228.1,69.9,0,1228.1,2025-01-08
O00554,C0428,06-09-2024,Delivered,UPI,Mobile App,423.3,74.7,59,482.3,2024-09-09
O00555,C0304,26-10-2024,Returned,COD,Marketplace,249.0,0.0,49,298.0,2024-11-01
O00556,C0235,20-08-2024,Delivered,Net Banking,Website,599.0,0.0,40,639.0,2024-08-23
O00557,C0398,27-10-2024,Delivered,Credit Card,Website,314.1,34.9,40,354.1,2024-11-02
O00558,C0205,30-11-2024,Delivered,Debit Card,Website,509.15,89.85,59,568.15,2024-12-02
O00559,C0092,28-08-2024,Delivered,Net Banking,Mobile App,1025.55,22.45,0,1025.55,2024-09-01
O00560,C0218,03-06-2024,Delivered,Net Banking,Website,1509.05,236.95,0,1509.05,2024-06-09
O00561,C0197,03-12-2025,Delivered,COD,Website,1707.3,189.7,0,1707.3,2025-12-07
O00562,C0172,01-07-2025,Delivered,UPI,Website,1208.25,189.75,0,1208.25,2025-07-06
O00563,C0447,10-04-2025,Delivered,UPI,Mobile App,569.05,29.95,49,618.05,2025-04-14
O00564,C0151,31-12-2024,Delivered,UPI,Website,331.55,17.45,40,371.55,2025-01-02
O00565,C0458,08-10-2024,Delivered,Credit Card,Marketplace,1209.8,137.2,0,1209.8,2024-10-11
O00566,C0372,21-03-2024,Delivered,UPI,Website,296.65,52.35,40,336.65,2024-03-28
O00567,C0134,06-11-2024,Delivered,Net Banking,Mobile App,399.2,99.8,49,448.2,2024-11-12
O00568,C0142,28-05-2025,Delivered,COD,Mobile App,379.05,19.95,40,419.05,2025-05-31
O00569,C0405,12-10-2025,Delivered,UPI,Website,594.15,104.85,59,653.15,2025-10-16
O00570,C0278,02-02-2025,Delivered,UPI,Website,1058.15,89.85,0,1058.15,2025-02-06
O00571,C0293,21-03-2024,Delivered,UPI,Website,1801.65,344.35,0,1801.65,2024-03-26
O00572,C0121,19-01-2025,Delivered,Credit Card,Mobile App,1887.3,209.7,0,1887.3,2025-01-22
O00573,C0385,10-08-2024,Delivered,UPI,Website,2037.45,359.55,0,2037.45,2024-08-14
O00574,C0201,18-08-2024,Delivered,Credit Card,Mobile App,426.55,22.45,59,485.55,2024-08-24
O00575,C0336,25-06-2024,Delivered,Credit Card,Website,616.55,32.45,59,675.55,2024-06-30
O00576,C0307,07-08-2025,Returned,UPI,Website,1374.85,172.15,0,1374.85,2025-08-12
O00577,C0123,28-06-2024,Delivered,UPI,Website,494.1,54.9,59,553.1,2024-07-03
O00578,C0408,30-06-2024,Delivered,UPI,Mobile App,539.1,59.9,40,579.1,2024-07-02
O00579,C0442,25-01-2025,Returned,Credit Card,Mobile App,465.8,82.2,59,524.8,2025-01-31
O00580,C0370,22-06-2024,Delivered,UPI,Website,509.15,89.85,49,558.15,2024-06-29
O00581,C0126,23-09-2024,Delivered,UPI,Website,599.0,0.0,59,658.0,2024-09-27
O00582,C0158,11-06-2024,Delivered,Debit Card,Mobile App,359.1,39.9,49,408.1,2024-06-14
O00583,C0300,13-01-2024,Delivered,Debit Card,Marketplace,426.55,22.45,40,466.55,2024-01-18
O00584,C0268,18-01-2025,Returned,Debit Card,Mobile App,404.1,44.9,40,444.1,2025-01-22
O00585,C0374,02-05-2024,Delivered,Credit Card,Marketplace,1272.15,74.85,0,1272.15,2024-05-06
O00586,C0447,22-03-2024,Delivered,Credit Card,Website,314.1,34.9,40,354.1,2024-03-25
O00587,C0091,11-02-2024,Delivered,UPI,Mobile App,1138.1,59.9,0,1138.1,2024-02-17
O00588,C0051,03-07-2025,Delivered,Net Banking,Website,399.0,0.0,59,458.0,2025-07-06
O00589,C0292,10-01-2024,Cancelled,UPI,Mobile App,968.25,129.75,0,0.0,
O00590,C0308,04-10-2024,Delivered,Credit Card,Website,2785.8,509.2,0,2785.8,2024-10-08
O00591,C0092,08-03-2024,Delivered,UPI,Mobile App,598.0,0.0,40,638.0,2024-03-14
O00592,C0242,15-04-2024,Returned,UPI,Mobile App,699.0,0.0,0,699.0,2024-04-18
O00593,C0404,02-03-2025,Delivered,COD,Website,1969.75,177.25,0,1969.75,2025-03-08
O00594,C0500,12-04-2025,Delivered,Debit Card,Website,908.25,139.75,0,908.25,2025-04-15
O00595,C0039,22-10-2025,Returned,Credit Card,Marketplace,1720.35,124.65,0,1720.35,2025-10-26
O00596,C0451,16-03-2024,Delivered,UPI,Website,699.0,0.0,0,699.0,2024-03-19
O00597,C0391,07-11-2025,Delivered,UPI,Website,1127.45,169.55,0,1127.45,2025-11-11
O00598,C0095,24-11-2024,Delivered,UPI,Mobile App,930.55,17.45,0,930.55,2024-11-28
O00599,C0192,17-01-2024,In Transit,COD,Mobile App,379.05,19.95,40,419.05,
O00600,C0377,18-03-2024,In Transit,Debit Card,Website,2425.65,369.35,0,2425.65,
O00601,C0393,01-12-2025,Delivered,Credit Card,Mobile App,793.2,104.8,0,793.2,2025-12-07
O00602,C0004,30-09-2025,Delivered,UPI,Website,664.05,34.95,49,713.05,2025-10-05
O00603,C0079,12-07-2024,Delivered,UPI,Website,753.3,144.7,0,753.3,2024-07-15
O00604,C0120,10-08-2024,Delivered,Net Banking,Marketplace,319.2,79.8,59,378.2,2024-08-13
O00605,C0395,24-01-2025,Delivered,COD,Website,975.75,122.25,0,975.75,2025-02-02
O00606,C0185,04-05-2025,Delivered,Credit Card,Website,1267.3,129.7,0,1267.3,2025-05-11
O00607,C0449,15-11-2024,Returned,UPI,Mobile App,549.0,0.0,49,598.0,2024-11-21
O00608,C0480,15-06-2025,Delivered,Net Banking,Website,2243.85,202.15,0,2243.85,2025-06-19
O00609,C0018,27-05-2024,Delivered,UPI,Mobile App,519.2,129.8,40,559.2,2024-05-31
O00610,C0439,03-07-2025,Cancelled,Net Banking,Website,569.05,29.95,0,0.0,
O00611,C0277,09-01-2025,Delivered,UPI,Website,1053.25,144.75,0,1053.25,2025-01-15
O00612,C0145,26-10-2024,Delivered,Debit Card,Website,1741.5,304.5,0,1741.5,2024-10-30
O00613,C0074,24-10-2024,Delivered,UPI,Website,1457.45,239.55,0,1457.45,2024-10-29
O00614,C0173,11-12-2024,Delivered,UPI,Mobile App,1102.45,194.55,0,1102.45,2024-12-15
O00615,C0425,19-10-2025,Delivered,UPI,Website,1010.25,336.75,0,1010.25,2025-10-22
O00616,C0454,07-06-2025,Cancelled,UPI,Website,703.35,144.65,0,0.0,
O00617,C0186,06-07-2025,Returned,Credit Card,Website,584.1,64.9,59,643.1,2025-07-09
O00618,C0458,02-05-2025,Delivered,COD,Website,319.2,79.8,59,378.2,2025-05-07
O00619,C0422,13-06-2024,Delivered,COD,Website,515.9,132.1,49,564.9,2024-06-16
O00620,C0345,09-10-2024,Delivered,UPI,Website,404.1,44.9,49,453.1,2024-10-15
O00621,C0313,20-10-2025,Cancelled,COD,Website,958.2,89.8,0,0.0,
O00622,C0250,25-10-2024,Delivered,COD,Mobile App,2573.8,172.2,0,2573.8,2024-10-30
O00623,C0144,09-10-2024,Delivered,UPI,Mobile App,296.65,52.35,49,345.65,2024-10-12
O00624,C0303,20-03-2025,Delivered,Debit Card,Mobile App,713.3,134.7,0,713.3,2025-03-25
O00625,C0489,10-04-2024,Delivered,Debit Card,Website,848.3,149.7,0,848.3,2024-04-17
O00626,C0268,08-02-2024,Delivered,Credit Card,Mobile App,758.4,189.6,0,758.4,2024-02-14
O00627,C0435,16-09-2024,Delivered,UPI,Marketplace,296.65,52.35,59,355.65,2024-09-19
O00628,C0108,25-07-2025,Delivered,UPI,Website,638.4,159.6,49,687.4,2025-07-29
O00629,C0413,21-08-2024,Delivered,COD,Website,381.65,67.35,40,421.65,2024-08-24
O00630,C0180,11-12-2024,Returned,Debit Card,Marketplace,559.2,139.8,59,618.2,2024-12-16
O00631,C0102,20-08-2025,Delivered,UPI,Mobile App,698.0,0.0,59,757.0,2025-08-26
O00632,C0151,20-09-2025,Delivered,COD,Website,379.05,19.95,49,428.05,2025-09-23
O00633,C0113,08-09-2024,Delivered,Net Banking,Website,718.2,79.8,0,718.2,2024-09-12
O00634,C0291,15-07-2024,Cancelled,Credit Card,Mobile App,1444.9,249.1,0,0.0,
O00635,C0164,07-07-2025,In Transit,UPI,Mobile App,2927.1,316.9,0,2927.1,
O00636,C0331,21-07-2025,Delivered,UPI,Mobile App,399.0,0.0,40,439.0,2025-07-23
O00637,C0445,20-10-2025,Delivered,Debit Card,Mobile App,1535.45,159.55,0,1535.45,2025-10-25
O00638,C0485,20-08-2025,Delivered,Net Banking,Marketplace,296.65,52.35,40,336.65,2025-08-25
O00639,C0374,14-06-2024,Delivered,Credit Card,Mobile App,584.1,64.9,40,624.1,2024-06-18
O00640,C0199,21-02-2025,Delivered,Net Banking,Website,616.55,32.45,40,656.55,2025-02-24
O00641,C0325,24-03-2024,Delivered,Credit Card,Website,1866.3,179.7,0,1866.3,2024-03-26
O00642,C0289,18-01-2025,In Transit,UPI,Mobile App,559.2,139.8,40,599.2,
O00643,C0308,18-01-2025,Returned,Debit Card,Mobile App,1298.0,0.0,0,1298.0,2025-01-20
O00644,C0255,16-07-2024,In Transit,COD,Marketplace,1029.8,117.2,0,1029.8,
O00645,C0097,17-08-2024,Delivered,COD,Mobile App,1068.15,79.85,0,1068.15,2024-08-22
O00646,C0230,21-07-2024,Delivered,UPI,Website,404.1,44.9,49,453.1,2024-07-25
O00647,C0395,21-10-2024,Delivered,Credit Card,Website,1647.25,149.75,0,1647.25,2024-10-24
O00648,C0027,01-12-2025,Delivered,Credit Card,Website,598.0,0.0,40,638.0,2025-12-08
O00649,C0038,27-07-2024,Delivered,Credit Card,Website,569.05,29.95,40,609.05,2024-08-01
O00650,C0170,30-06-2024,Cancelled,UPI,Mobile App,584.1,64.9,0,0.0,
O00651,C0452,08-03-2025,Delivered,COD,Website,1102.45,194.55,0,1102.45,2025-03-11
O00652,C0066,09-11-2025,Delivered,UPI,Website,1187.45,209.55,0,1187.45,2025-11-14
O00653,C0134,21-04-2024,Delivered,Net Banking,Website,449.1,49.9,40,489.1,2024-04-25
O00654,C0095,26-03-2024,Delivered,UPI,Mobile App,649.0,0.0,59,708.0,2024-04-01
O00655,C0292,15-01-2024,Delivered,COD,Marketplace,664.05,34.95,40,704.05,2024-01-23
O00656,C0116,07-07-2024,Delivered,Debit Card,Website,474.05,24.95,40,514.05,2024-07-10
O00657,C0030,24-04-2024,Delivered,Credit Card,Mobile App,449.0,0.0,40,489.0,2024-04-29
O00658,C0394,01-11-2024,Delivered,Credit Card,Website,695.85,152.15,40,735.85,2024-11-06
O00659,C0177,13-10-2025,Returned,UPI,Website,649.0,0.0,49,698.0,2025-10-22
O00660,C0437,20-08-2024,Delivered,Credit Card,Website,719.1,79.9,0,719.1,2024-08-28
O00661,C0173,29-11-2024,Delivered,Credit Card,Website,783.25,114.75,0,783.25,2024-12-06
O00662,C0192,21-10-2025,Delivered,Credit Card,Website,958.4,239.6,0,958.4,2025-10-25
O00663,C0338,28-01-2025,Delivered,COD,Website,299.25,99.75,59,358.25,2025-02-02
O00664,C0078,25-02-2025,Delivered,Debit Card,Mobile App,404.1,44.9,59,463.1,2025-03-04
O00665,C0403,10-08-2024,Delivered,UPI,Marketplace,663.1,34.9,40,703.1,2024-08-14
O00666,C0299,02-04-2025,Delivered,UPI,Website,1188.1,59.9,0,1188.1,2025-04-07
O00667,C0144,07-12-2025,Delivered,UPI,Marketplace,3310.35,234.65,0,3310.35,2025-12-11
O00668,C0230,21-01-2024,Returned,Credit Card,Mobile App,3444.85,549.15,0,3444.85,2024-01-29
O00669,C0214,22-06-2024,Delivered,Credit Card,Marketplace,1682.45,314.55,0,1682.45,2024-07-01
O00670,C0338,23-03-2024,Delivered,Net Banking,Marketplace,499.0,0.0,49,548.0,2024-03-27
O00671,C0188,08-06-2025,Delivered,UPI,Website,1463.75,82.25,0,1463.75,2025-06-13
O00672,C0125,12-08-2024,Delivered,UPI,Website,331.55,17.45,59,390.55,2024-08-14
O00673,C0495,16-04-2025,Delivered,Debit Card,Mobile App,1118.4,279.6,0,1118.4,2025-04-19
O00674,C0047,04-01-2024,Delivered,UPI,Mobile App,381.65,67.35,59,440.65,2024-01-13
O00675,C0096,25-04-2025,Delivered,Net Banking,Website,549.0,0.0,40,589.0,2025-05-02
O00676,C0097,13-08-2024,Delivered,UPI,Marketplace,404.1,44.9,59,463.1,2024-08-18
O00677,C0272,08-01-2024,In Transit,UPI,Mobile App,509.15,89.85,59,568.15,
O00678,C0387,22-10-2025,Delivered,Debit Card,Website,840.7,107.3,0,840.7,2025-10-29
O00679,C0391,15-05-2025,In Transit,UPI,Mobile App,314.1,34.9,49,363.1,
O00680,C0238,20-04-2025,Delivered,Debit Card,Website,524.25,174.75,59,583.25,2025-04-23
O00681,C0464,25-10-2024,Delivered,UPI,Website,521.55,27.45,59,580.55,2024-10-28
O00682,C0250,11-08-2024,In Transit,Debit Card,Mobile App,426.55,22.45,49,475.55,
O00683,C0007,11-11-2024,Delivered,UPI,Mobile App,923.05,24.95,0,923.05,2024-11-16
O00684,C0010,02-04-2025,Delivered,COD,Mobile App,1429.9,217.1,0,1429.9,2025-04-10
O00685,C0294,22-08-2024,Delivered,Net Banking,Website,1897.15,99.85,0,1897.15,2024-08-27
O00686,C0462,24-01-2025,Delivered,UPI,Website,1647.25,149.75,0,1647.25,2025-01-27
O00687,C0310,03-07-2025,Delivered,UPI,Marketplace,1827.25,169.75,0,1827.25,2025-07-07
O00688,C0437,12-01-2024,Delivered,UPI,Website,630.8,117.2,40,670.8,2024-01-17
O00689,C0056,07-10-2024,Delivered,Credit Card,Website,1308.05,39.95,0,1308.05,2024-10-14
O00690,C0166,10-08-2025,Delivered,UPI,Mobile App,381.65,67.35,49,430.65,2025-08-12
O00691,C0482,31-12-2025,Delivered,COD,Website,314.1,34.9,59,373.1,2026-01-04
O00692,C0356,07-06-2024,Delivered,UPI,Website,1218.25,179.75,0,1218.25,2024-06-12
O00693,C0022,12-08-2024,Returned,COD,Website,331.55,17.45,59,390.55,2024-08-18
O00694,C0179,13-11-2024,Returned,UPI,Website,569.05,29.95,59,628.05,2024-11-17
O00695,C0147,20-08-2025,Delivered,Debit Card,Website,279.2,69.8,40,319.2,2025-08-23
O00696,C0383,01-11-2024,Delivered,Net Banking,Mobile App,539.1,59.9,49,588.1,2024-11-04
O00697,C0441,07-12-2024,Returned,UPI,Website,2684.75,359.25,0,2684.75,2024-12-14
O00698,C0098,09-03-2025,Delivered,UPI,Mobile App,549.0,0.0,49,598.0,2025-03-17
O00699,C0410,25-10-2025,Delivered,Net Banking,Marketplace,629.1,69.9,59,688.1,2025-10-30
O00700,C0033,16-08-2024,Delivered,UPI,Website,610.65,37.35,49,659.65,2024-08-22
O00701,C0104,08-11-2024,Delivered,Credit Card,Website,1073.3,224.7,0,1073.3,2024-11-15
O00702,C0234,28-04-2025,Delivered,COD,Mobile App,759.05,39.95,0,759.05,2025-05-03
O00703,C0417,19-11-2025,Delivered,Credit Card,Website,948.1,49.9,0,948.1,2025-11-23
O00704,C0386,06-07-2025,Delivered,UPI,Website,2654.1,39.9,0,2654.1,2025-07-11
O00705,C0279,12-02-2024,Delivered,UPI,Mobile App,1527.85,117.15,0,1527.85,2024-02-18
O00706,C0116,17-10-2025,Delivered,Debit Card,Mobile App,1756.5,239.5,0,1756.5,2025-10-21
O00707,C0156,02-08-2024,Delivered,Net Banking,Website,594.15,104.85,40,634.15,2024-08-04
O00708,C0339,14-08-2025,Delivered,UPI,Website,1721.45,224.55,0,1721.45,2025-08-18
O00709,C0386,05-07-2025,Delivered,Credit Card,Mobile App,1330.55,164.45,0,1330.55,2025-07-12
O00710,C0049,10-04-2025,Delivered,Credit Card,Website,359.1,39.9,59,418.1,2025-04-14
O00711,C0400,29-01-2024,Delivered,Credit Card,Website,730.65,67.35,0,730.65,2024-02-02
O00712,C0151,15-08-2025,Delivered,Debit Card,Marketplace,331.55,17.45,59,390.55,2025-08-21
O00713,C0396,25-10-2024,Delivered,Debit Card,Mobile App,319.2,79.8,40,359.2,2024-10-28
O00714,C0407,16-12-2025,Delivered,Net Banking,Website,379.05,19.95,59,438.05,2025-12-20
O00715,C0184,01-05-2025,Returned,COD,Mobile App,584.1,64.9,49,633.1,2025-05-06
O00716,C0337,08-07-2024,Delivered,UPI,Website,331.55,17.45,59,390.55,2024-07-14
O00717,C0156,20-05-2024,Delivered,Credit Card,Website,873.3,174.7,0,873.3,2024-05-22
O00718,C0440,17-08-2024,Delivered,COD,Mobile App,663.1,34.9,40,703.1,2024-08-23
O00719,C0400,20-10-2025,Delivered,Credit Card,Mobile App,1500.05,346.95,0,1500.05,2025-10-23
O00720,C0148,24-05-2025,Delivered,UPI,Website,539.1,59.9,49,588.1,2025-05-27
O00721,C0310,30-11-2024,Cancelled,Credit Card,Website,848.3,149.7,0,0.0,
O00722,C0071,25-04-2025,Delivered,COD,Website,1384.95,262.05,0,1384.95,2025-05-03
O00723,C0498,09-11-2024,Delivered,Debit Card,Website,1357.45,239.55,0,1357.45,2024-11-12
O00724,C0365,09-07-2025,Delivered,Credit Card,Website,331.55,17.45,59,390.55,2025-07-15
O00725,C0094,25-10-2025,Delivered,UPI,Mobile App,1667.1,79.9,0,1667.1,2025-10-31
O00726,C0299,10-10-2024,Delivered,UPI,Marketplace,1125.55,22.45,0,1125.55,2024-10-16
O00727,C0022,12-03-2024,Delivered,UPI,Mobile App,1497.15,99.85,0,1497.15,2024-03-15
O00728,C0293,30-09-2024,Delivered,UPI,Website,1643.65,52.35,0,1643.65,2024-10-03
O00729,C0315,03-10-2024,Delivered,UPI,Website,798.4,199.6,0,798.4,2024-10-06
O00730,C0435,30-01-2025,Delivered,Net Banking,Website,1038.4,259.6,0,1038.4,2025-02-05
O00731,C0252,23-03-2025,Delivered,UPI,Website,848.3,149.7,0,848.3,2025-03-27
O00732,C0107,11-08-2024,Delivered,UPI,Website,499.0,0.0,59,558.0,2024-08-14
O00733,C0232,31-12-2025,Delivered,UPI,Website,698.0,0.0,49,747.0,2026-01-04
O00734,C0113,22-08-2025,Delivered,Net Banking,Mobile App,2203.05,291.95,0,2203.05,2025-08-25
O00735,C0118,23-02-2025,Delivered,UPI,Website,448.5,149.5,59,507.5,2025-02-26
O00736,C0483,09-03-2025,Delivered,Net Banking,Website,1827.1,69.9,0,1827.1,2025-03-15
O00737,C0079,30-06-2025,Delivered,UPI,Mobile App,998.0,0.0,0,998.0,2025-07-03
O00738,C0237,08-09-2024,Delivered,Debit Card,Website,745.65,52.35,0,745.65,2024-09-14
O00739,C0372,17-02-2025,Delivered,Debit Card,Website,1472.05,24.95,0,1472.05,2025-02-24
O00740,C0189,27-01-2025,Delivered,UPI,Website,494.1,54.9,40,534.1,2025-01-31
O00741,C0389,23-05-2024,Delivered,UPI,Website,359.1,39.9,49,408.1,2024-05-27
O00742,C0126,29-05-2024,Returned,UPI,Website,331.55,17.45,59,390.55,2024-06-02
O00743,C0006,23-10-2025,Delivered,UPI,Website,466.65,82.35,49,515.65,2025-10-27
O00744,C0300,06-05-2024,Delivered,Credit Card,Website,595.9,152.1,49,644.9,2024-05-11
O00745,C0048,23-09-2025,Delivered,UPI,Website,2670.05,24.95,0,2670.05,2025-09-25
O00746,C0136,09-05-2025,Delivered,COD,Website,1612.15,84.85,0,1612.15,2025-05-13
O00747,C0296,25-07-2025,Returned,Debit Card,Mobile App,551.65,97.35,59,610.65,2025-07-30
O00748,C0499,14-08-2025,Delivered,UPI,Mobile App,374.25,124.75,49,423.25,2025-08-21
O00749,C0358,09-07-2025,Delivered,UPI,Mobile App,479.2,119.8,59,538.2,2025-07-11
O00750,C0079,28-02-2025,Delivered,COD,Website,599.25,199.75,59,658.25,2025-03-03
O00751,C0412,17-06-2024,Delivered,Credit Card,Mobile App,599.0,0.0,49,648.0,2024-06-21
O00752,C0242,10-11-2024,Delivered,COD,Mobile App,2546.0,0.0,0,2546.0,2024-11-12
O00753,C0422,14-08-2025,Delivered,Credit Card,Mobile App,569.05,29.95,59,628.05,2025-08-20
O00754,C0255,13-09-2025,Delivered,UPI,Website,261.75,87.25,49,310.75,2025-09-17
O00755,C0206,04-03-2025,Delivered,COD,Website,599.0,0.0,40,639.0,2025-03-06
O00756,C0076,20-04-2024,Delivered,Debit Card,Website,719.1,79.9,0,719.1,2024-04-24
O00757,C0343,18-11-2025,Delivered,COD,Website,549.0,0.0,40,589.0,2025-11-20
O00758,C0412,15-09-2024,Delivered,Credit Card,Marketplace,1162.4,184.6,0,1162.4,2024-09-23
O00759,C0445,17-12-2025,Cancelled,UPI,Website,799.0,0.0,0,0.0,
O00760,C0072,02-09-2024,Delivered,UPI,Website,521.55,27.45,49,570.55,2024-09-08
O00761,C0104,25-10-2025,Cancelled,Debit Card,Website,359.2,89.8,0,0.0,
O00762,C0101,21-03-2025,Delivered,UPI,Marketplace,888.15,59.85,0,888.15,2025-03-29
O00763,C0293,24-08-2024,Cancelled,UPI,Website,1107.25,89.75,0,0.0,
O00764,C0123,11-08-2024,Delivered,UPI,Mobile App,299.25,99.75,59,358.25,2024-08-17
O00765,C0340,22-02-2024,Delivered,Credit Card,Mobile App,828.25,119.75,0,828.25,2024-02-24
O00766,C0011,19-10-2025,Delivered,UPI,Website,379.05,19.95,49,428.05,2025-10-23
O00767,C0281,23-10-2024,Cancelled,UPI,Website,1496.0,0.0,0,0.0,
O00768,C0393,01-07-2025,Delivered,Debit Card,Website,331.55,17.45,40,371.55,2025-07-06
O00769,C0412,29-03-2024,Delivered,UPI,Website,900.6,47.4,0,900.6,2024-04-04
O00770,C0318,14-10-2025,Delivered,Debit Card,Marketplace,1324.75,122.25,0,1324.75,2025-10-18
O00771,C0019,08-04-2025,Delivered,UPI,Mobile App,799.0,0.0,0,799.0,2025-04-12
O00772,C0069,08-04-2024,Delivered,UPI,Website,236.55,12.45,59,295.55,2024-04-14
O00773,C0327,20-11-2024,Delivered,Credit Card,Website,336.75,112.25,59,395.75,2024-11-23
O00774,C0039,27-06-2025,Delivered,Debit Card,Website,699.0,0.0,0,699.0,2025-06-30
O00775,C0307,12-04-2024,Delivered,UPI,Website,2193.95,252.05,0,2193.95,2024-04-18
O00776,C0296,08-12-2025,Returned,Debit Card,Website,359.2,89.8,40,399.2,2025-12-13
O00777,C0415,04-01-2025,Delivered,UPI,Marketplace,2249.1,396.9,0,2249.1,2025-01-07
O00778,C0421,29-11-2025,In Transit,UPI,Website,349.0,0.0,59,408.0,
O00779,C0122,01-03-2024,Delivered,UPI,Mobile App,1992.15,104.85,0,1992.15,2024-03-06
O00780,C0332,11-09-2025,In Transit,UPI,Website,629.1,69.9,40,669.1,
O00781,C0496,18-11-2025,Delivered,UPI,Website,449.25,149.75,49,498.25,2025-11-26
O00782,C0334,03-08-2024,Cancelled,UPI,Website,551.65,97.35,0,0.0,
O00783,C0445,12-01-2025,Delivered,Debit Card,Mobile App,664.05,34.95,49,713.05,2025-01-15
O00784,C0485,09-11-2025,Delivered,UPI,Website,279.2,69.8,40,319.2,2025-11-15
O00785,C0105,07-11-2024,Delivered,UPI,Mobile App,314.1,34.9,49,363.1,2024-11-12
O00786,C0139,13-06-2024,Delivered,UPI,Mobile App,550.65,47.35,49,599.65,2024-06-18
O00787,C0140,05-11-2025,Delivered,UPI,Website,1961.85,534.15,0,1961.85,2025-11-13
O00788,C0271,15-08-2024,Delivered,Debit Card,Website,296.65,52.35,59,355.65,2024-08-21
O00789,C0206,16-11-2025,Delivered,Credit Card,Website,699.0,0.0,0,699.0,2025-11-20
O00790,C0124,29-06-2025,Delivered,COD,Website,379.05,19.95,40,419.05,2025-07-02
O00791,C0226,18-05-2024,Delivered,UPI,Website,474.05,24.95,59,533.05,2024-05-25
O00792,C0048,14-12-2024,Delivered,UPI,Website,763.1,34.9,0,763.1,2024-12-20
O00793,C0475,16-05-2025,Delivered,UPI,Website,948.1,49.9,0,948.1,2025-05-20
O00794,C0357,20-08-2024,Delivered,Debit Card,Website,1030.7,117.3,0,1030.7,2024-08-22
O00795,C0188,04-10-2025,Delivered,Net Banking,Website,1148.0,0.0,0,1148.0,2025-10-11
O00796,C0038,06-06-2024,Delivered,Debit Card,Website,838.45,259.55,0,838.45,2024-06-11
O00797,C0273,07-11-2025,In Transit,Credit Card,Mobile App,1193.15,104.85,0,1193.15,
O00798,C0208,29-10-2024,Delivered,COD,Mobile App,568.1,29.9,59,627.1,2024-11-03
O00799,C0287,05-05-2025,Delivered,Debit Card,Mobile App,1103.3,194.7,0,1103.3,2025-05-08
O00800,C0043,13-12-2024,Delivered,UPI,Website,1861.3,134.7,0,1861.3,2024-12-15
O00801,C0280,23-03-2024,Delivered,UPI,Website,1252.5,244.5,0,1252.5,2024-03-29
O00802,C0300,29-10-2024,In Transit,UPI,Mobile App,593.3,104.7,59,652.3,
O00803,C0014,02-06-2024,Delivered,Debit Card,Mobile App,699.0,0.0,0,699.0,2024-06-07
O00804,C0467,13-11-2024,Delivered,UPI,Website,359.1,39.9,40,399.1,2024-11-18
O00805,C0194,19-12-2024,Delivered,Debit Card,Website,331.55,17.45,49,380.55,2024-12-24
O00806,C0190,07-11-2024,Delivered,UPI,Website,1504.75,142.25,0,1504.75,2024-11-12
O00807,C0009,01-10-2025,In Transit,Net Banking,Website,958.4,239.6,0,958.4,
O00808,C0444,05-02-2025,Delivered,Net Banking,Marketplace,1931.4,214.6,0,1931.4,2025-02-12
O00809,C0271,08-11-2024,Delivered,UPI,Mobile App,1245.65,102.35,0,1245.65,2024-11-11
O00810,C0189,25-06-2025,Delivered,COD,Website,439.2,109.8,59,498.2,2025-06-29
O00811,C0096,16-02-2025,Delivered,UPI,Website,1188.3,209.7,0,1188.3,2025-02-21
O00812,C0158,25-02-2025,Cancelled,Credit Card,Marketplace,569.05,29.95,0,0.0,
O00813,C0056,12-01-2025,Delivered,Credit Card,Mobile App,314.1,34.9,59,373.1,2025-01-14
O00814,C0020,23-10-2024,Delivered,Net Banking,Website,1998.8,147.2,0,1998.8,2024-10-26
O00815,C0270,22-04-2025,Delivered,Credit Card,Mobile App,499.0,0.0,40,539.0,2025-04-25
O00816,C0116,10-02-2024,Cancelled,Debit Card,Marketplace,1144.75,102.25,0,0.0,
O00817,C0443,21-06-2025,Delivered,UPI,Mobile App,2845.35,199.65,0,2845.35,2025-06-25
O00818,C0062,01-03-2025,Returned,Debit Card,Website,1997.5,399.5,0,1997.5,2025-03-06
O00819,C0301,22-05-2024,Delivered,UPI,Mobile App,1941.35,204.65,0,1941.35,2024-05-29
O00820,C0425,10-01-2025,Delivered,UPI,Website,798.0,0.0,0,798.0,2025-01-15
O00821,C0481,13-02-2024,Cancelled,UPI,Mobile App,296.65,52.35,0,0.0,
O00822,C0391,28-01-2024,Delivered,UPI,Marketplace,379.05,19.95,49,428.05,2024-02-01
O00823,C0261,17-07-2025,Delivered,Credit Card,Mobile App,718.2,79.8,0,718.2,2025-07-26
O00824,C0149,13-11-2024,Delivered,Credit Card,Website,629.1,69.9,59,688.1,2024-11-19
O00825,C0209,17-02-2024,Delivered,Credit Card,Website,349.0,0.0,40,389.0,2024-02-22
O00826,C0298,09-11-2024,Delivered,COD,Mobile App,1138.1,59.9,0,1138.1,2024-11-14
O00827,C0483,02-10-2025,Delivered,Net Banking,Mobile App,805.8,142.2,0,805.8,2025-10-09
O00828,C0297,28-01-2025,Delivered,UPI,Mobile App,718.2,79.8,0,718.2,2025-02-03
O00829,C0489,28-06-2024,Delivered,Net Banking,Mobile App,379.05,19.95,59,438.05,2024-07-03
O00830,C0209,29-09-2025,In Transit,Credit Card,Website,1197.0,0.0,0,1197.0,
O00831,C0227,27-06-2024,Delivered,COD,Mobile App,629.1,69.9,49,678.1,2024-07-02
O00832,C0267,21-05-2024,Delivered,UPI,Mobile App,521.55,27.45,59,580.55,2024-05-24
O00833,C0412,30-05-2024,Delivered,Credit Card,Website,888.25,109.75,0,888.25,2024-06-02
O00834,C0415,17-10-2025,Delivered,Net Banking,Website,381.65,67.35,49,430.65,2025-10-21
O00835,C0321,11-02-2024,Cancelled,UPI,Mobile App,269.1,29.9,0,0.0,
O00836,C0465,11-08-2024,Cancelled,Debit Card,Website,568.1,29.9,0,0.0,
O00837,C0497,16-08-2024,Delivered,Credit Card,Website,948.1,49.9,0,948.1,2024-08-20
O00838,C0442,06-10-2025,Cancelled,COD,Mobile App,1197.25,99.75,0,0.0,
O00839,C0307,15-10-2024,Delivered,COD,Mobile App,688.15,59.85,59,747.15,2024-10-22
O00840,C0423,30-04-2025,Returned,COD,Mobile App,1811.65,334.35,0,1811.65,2025-05-02
O00841,C0104,19-12-2024,Delivered,Credit Card,Marketplace,1677.6,419.4,0,1677.6,2024-12-24
O00842,C0113,08-03-2025,Delivered,Debit Card,Website,499.0,0.0,40,539.0,2025-03-12
O00843,C0280,30-10-2024,Delivered,Debit Card,Website,1547.1,49.9,0,1547.1,2024-11-03
O00844,C0426,14-04-2024,Delivered,COD,Marketplace,1706.2,89.8,0,1706.2,2024-04-21
O00845,C0302,03-07-2025,Delivered,UPI,Website,1880.75,314.25,0,1880.75,2025-07-10
O00846,C0118,09-08-2025,In Transit,UPI,Mobile App,563.4,134.6,49,612.4,
O00847,C0441,23-05-2025,Delivered,Debit Card,Website,1447.0,0.0,0,1447.0,2025-05-28
O00848,C0348,06-11-2025,Delivered,Credit Card,Website,509.15,89.85,59,568.15,2025-11-11
O00849,C0038,16-08-2025,In Transit,Debit Card,Marketplace,379.05,19.95,59,438.05,
O00850,C0312,08-07-2025,Delivered,UPI,Website,2668.05,326.95,0,2668.05,2025-07-13
O00851,C0150,15-08-2025,Cancelled,Credit Card,Mobile App,539.1,59.9,0,0.0,
O00852,C0260,13-04-2025,Delivered,UPI,Mobile App,404.1,44.9,49,453.1,2025-04-17
O00853,C0232,08-10-2024,Delivered,Credit Card,Mobile App,1122.3,124.7,0,1122.3,2024-10-12
O00854,C0433,06-06-2024,Delivered,Credit Card,Website,2093.8,152.2,0,2093.8,2024-06-10
O00855,C0196,26-09-2025,Delivered,UPI,Mobile App,509.15,89.85,49,558.15,2025-09-29
O00856,C0101,23-05-2024,Delivered,UPI,Mobile App,983.25,114.75,0,983.25,2024-05-30
O00857,C0134,22-03-2024,Returned,UPI,Mobile App,2800.1,44.9,0,2800.1,2024-03-30
O00858,C0352,11-08-2025,Delivered,UPI,Website,1693.8,152.2,0,1693.8,2025-08-14
O00859,C0450,22-11-2025,Cancelled,UPI,Mobile App,2163.8,182.2,0,0.0,
O00860,C0202,12-11-2024,Delivered,Net Banking,Website,616.55,32.45,49,665.55,2024-11-16
O00861,C0269,09-04-2024,Delivered,Net Banking,Website,1731.35,164.65,0,1731.35,2024-04-13
O00862,C0486,04-05-2024,Delivered,Credit Card,Mobile App,825.65,72.35,0,825.65,2024-05-10
O00863,C0415,14-03-2025,In Transit,Net Banking,Mobile App,331.55,17.45,40,371.55,
O00864,C0071,19-05-2025,Delivered,COD,Mobile App,426.55,22.45,49,475.55,2025-05-25
O00865,C0156,21-09-2025,In Transit,Net Banking,Website,1118.4,279.6,0,1118.4,
O00866,C0022,08-06-2024,Delivered,UPI,Mobile App,319.2,79.8,40,359.2,2024-06-14
O00867,C0036,12-11-2024,Delivered,UPI,Mobile App,616.55,32.45,59,675.55,2024-11-17
O00868,C0217,04-04-2025,Delivered,Debit Card,Website,296.65,52.35,59,355.65,2025-04-10
O00869,C0148,02-08-2024,Delivered,UPI,Mobile App,968.25,129.75,0,968.25,2024-08-09
O00870,C0321,08-11-2024,Delivered,Debit Card,Mobile App,379.05,19.95,59,438.05,2024-11-12
O00871,C0266,23-01-2025,Delivered,Net Banking,Website,314.1,34.9,49,363.1,2025-01-26
O00872,C0047,07-06-2025,Cancelled,Debit Card,Website,1003.45,294.55,0,0.0,
O00873,C0331,31-01-2025,Delivered,Credit Card,Mobile App,399.0,0.0,40,439.0,2025-02-04
O00874,C0490,13-04-2024,Delivered,Debit Card,Mobile App,938.15,59.85,0,938.15,2024-04-16
O00875,C0458,07-07-2025,Delivered,UPI,Website,359.2,89.8,40,399.2,2025-07-10
O00876,C0171,24-09-2024,Delivered,COD,Website,1193.15,104.85,0,1193.15,2024-09-29
O00877,C0342,02-09-2025,Delivered,Credit Card,Website,539.1,59.9,59,598.1,2025-09-10
O00878,C0067,16-10-2025,Delivered,UPI,Mobile App,1183.1,64.9,0,1183.1,2025-10-22
O00879,C0239,15-06-2025,Cancelled,Credit Card,Mobile App,1050.65,97.35,0,0.0,
O00880,C0474,03-03-2024,Returned,Net Banking,Mobile App,1564.65,82.35,0,1564.65,2024-03-07
O00881,C0461,01-11-2024,Delivered,Debit Card,Mobile App,1185.75,162.25,0,1185.75,2024-11-04
O00882,C0101,06-01-2024,In Transit,UPI,Mobile App,474.05,24.95,59,533.05,
O00883,C0078,23-10-2024,Cancelled,COD,Marketplace,349.0,0.0,0,0.0,
O00884,C0395,16-08-2024,Delivered,UPI,Website,296.65,52.35,59,355.65,2024-08-22
O00885,C0225,11-09-2024,Delivered,Debit Card,Website,998.3,199.7,0,998.3,2024-09-17
O00886,C0054,02-06-2024,Delivered,UPI,Website,688.15,59.85,40,728.15,2024-06-05
O00887,C0100,18-12-2025,In Transit,UPI,Website,633.3,114.7,49,682.3,
O00888,C0066,12-12-2025,Cancelled,Debit Card,Website,519.2,129.8,0,0.0,
O00889,C0282,30-11-2024,Delivered,Debit Card,Website,1138.1,59.9,0,1138.1,2024-12-02
O00890,C0254,19-08-2025,Delivered,Debit Card,Marketplace,474.05,24.95,40,514.05,2025-08-26
O00891,C0484,19-04-2024,Delivered,Net Banking,Mobile App,1125.55,22.45,0,1125.55,2024-04-24
O00892,C0208,23-05-2025,Delivered,Credit Card,Website,713.2,84.8,0,713.2,2025-05-30
O00893,C0129,06-05-2025,Delivered,Net Banking,Website,549.0,0.0,59,608.0,2025-05-09
O00894,C0231,12-02-2025,Returned,Credit Card,Website,466.65,82.35,49,515.65,2025-02-16
O00895,C0361,03-03-2024,Delivered,UPI,Website,349.0,0.0,40,389.0,2024-03-09
O00896,C0411,18-10-2025,Delivered,Credit Card,Website,426.55,22.45,49,475.55,2025-10-23
O00897,C0105,03-05-2024,Delivered,COD,Mobile App,1901.7,394.3,0,1901.7,2024-05-10
O00898,C0033,21-06-2025,Delivered,Net Banking,Website,599.0,0.0,49,648.0,2025-06-26
O00899,C0229,25-08-2025,Delivered,COD,Website,1617.3,179.7,0,1617.3,2025-08-30
O00900,C0357,03-10-2024,Delivered,Debit Card,Mobile App,584.1,64.9,40,624.1,2024-10-09
O00901,C0402,12-09-2025,Delivered,UPI,Website,379.05,19.95,59,438.05,2025-09-17
O00902,C0077,09-08-2024,In Transit,Credit Card,Mobile App,474.05,24.95,40,514.05,
O00903,C0378,06-12-2025,Delivered,Credit Card,Mobile App,2060.55,234.45,0,2060.55,2025-12-08
O00904,C0264,16-04-2025,Delivered,UPI,Website,649.0,0.0,59,708.0,2025-04-21
O00905,C0360,21-09-2025,Delivered,Net Banking,Mobile App,486.75,162.25,40,526.75,2025-09-27
O00906,C0321,24-08-2025,Returned,Credit Card,Mobile App,1791.2,104.8,0,1791.2,2025-08-29
O00907,C0133,26-01-2025,Delivered,UPI,Mobile App,948.0,0.0,0,948.0,2025-01-29
O00908,C0346,27-08-2025,Delivered,Debit Card,Mobile App,314.1,34.9,59,373.1,2025-09-04
O00909,C0326,21-02-2024,Delivered,UPI,Website,1607.3,189.7,0,1607.3,2024-02-27
O00910,C0115,07-12-2024,Delivered,Debit Card,Website,648.15,49.85,49,697.15,2024-12-13
O00911,C0369,28-09-2024,Delivered,UPI,Website,379.05,19.95,49,428.05,2024-10-01
O00912,C0183,16-08-2025,Cancelled,UPI,Website,381.65,67.35,0,0.0,
O00913,C0114,29-09-2024,Delivered,Credit Card,Mobile App,2635.65,409.35,0,2635.65,2024-10-01
O00914,C0301,11-09-2024,Delivered,Credit Card,Mobile App,2226.5,269.5,0,2226.5,2024-09-15
O00915,C0012,18-06-2024,In Transit,Debit Card,Website,404.1,44.9,40,444.1,
O00916,C0357,23-10-2024,Delivered,UPI,Mobile App,558.4,139.6,40,598.4,2024-10-29
O00917,C0386,13-07-2025,Delivered,COD,Mobile App,1649.1,296.9,0,1649.1,2025-07-18
O00918,C0321,20-01-2025,Delivered,Credit Card,Website,738.3,109.7,0,738.3,2025-01-24
O00919,C0134,17-11-2024,Delivered,UPI,Website,1372.7,424.3,0,1372.7,2024-11-24
O00920,C0217,30-11-2025,Delivered,Credit Card,Mobile App,331.55,17.45,59,390.55,2025-12-05
O00921,C0029,23-01-2025,Delivered,Credit Card,Mobile App,629.1,69.9,40,669.1,2025-01-25
O00922,C0193,29-11-2025,Delivered,Debit Card,Mobile App,381.65,67.35,49,430.65,2025-12-02
O00923,C0477,14-11-2024,Cancelled,Credit Card,Website,411.75,137.25,0,0.0,
O00924,C0394,22-11-2024,Delivered,Credit Card,Mobile App,1138.1,59.9,0,1138.1,2024-11-26
O00925,C0395,04-03-2025,Delivered,UPI,Mobile App,998.4,249.6,0,998.4,2025-03-07
O00926,C0220,04-05-2025,Delivered,UPI,Mobile App,960.7,87.3,0,960.7,2025-05-13
O00927,C0490,14-09-2024,Delivered,UPI,Website,690.75,107.25,59,749.75,2024-09-17
O00928,C0089,14-08-2025,Returned,Credit Card,Mobile App,299.25,99.75,49,348.25,2025-08-20
O00929,C0471,14-08-2025,Delivered,Debit Card,Website,759.05,39.95,0,759.05,2025-08-20
O00930,C0087,12-01-2025,Returned,UPI,Website,1182.55,314.45,0,1182.55,2025-01-15
O00931,C0147,29-10-2025,Delivered,Net Banking,Mobile App,559.2,139.8,49,608.2,2025-11-02
O00932,C0392,18-05-2025,Delivered,Net Banking,Website,379.05,19.95,49,428.05,2025-05-23
O00933,C0086,30-10-2024,Delivered,Debit Card,Mobile App,2279.6,314.4,0,2279.6,2024-11-05
O00934,C0167,12-07-2025,Delivered,Credit Card,Website,2211.7,484.3,0,2211.7,2025-07-17
O00935,C0203,27-03-2025,Delivered,COD,Mobile App,519.2,129.8,49,568.2,2025-03-30
O00936,C0353,08-03-2024,Delivered,Credit Card,Mobile App,359.2,89.8,59,418.2,2024-03-13
O00937,C0492,29-05-2025,Delivered,Credit Card,Website,847.45,149.55,0,847.45,2025-06-03
O00938,C0429,31-01-2025,Delivered,UPI,Website,296.65,52.35,49,345.65,2025-02-06
O00939,C0333,19-08-2024,Delivered,UPI,Mobile App,672.3,74.7,49,721.3,2024-08-21
O00940,C0081,03-08-2025,Delivered,Net Banking,Marketplace,1098.0,0.0,0,1098.0,2025-08-06
O00941,C0237,20-03-2025,Delivered,UPI,Mobile App,1218.25,179.75,0,1218.25,2025-03-26
O00942,C0032,28-08-2024,Delivered,UPI,Website,1069.8,127.2,0,1069.8,2024-09-01
O00943,C0162,23-11-2025,Delivered,UPI,Mobile App,499.0,0.0,49,548.0,2025-11-29
O00944,C0195,24-03-2025,Delivered,COD,Website,569.05,29.95,40,609.05,2025-03-26
O00945,C0470,14-01-2025,Delivered,UPI,Mobile App,2555.4,239.6,0,2555.4,2025-01-20
O00946,C0221,05-03-2025,Delivered,UPI,Website,965.75,132.25,0,965.75,2025-03-10
O00947,C0326,20-08-2025,Delivered,Credit Card,Mobile App,349.0,0.0,49,398.0,2025-08-27
O00948,C0460,13-08-2025,Delivered,COD,Website,1431.35,164.65,0,1431.35,2025-08-18
O00949,C0482,15-03-2024,Delivered,Credit Card,Marketplace,449.0,0.0,59,508.0,2024-03-18
O00950,C0278,20-11-2025,Delivered,UPI,Website,1028.1,69.9,0,1028.1,2025-11-25
O00951,C0370,10-01-2025,Delivered,Net Banking,Website,853.1,44.9,0,853.1,2025-01-16
O00952,C0255,01-01-2024,Delivered,Debit Card,Website,853.1,44.9,0,853.1,2024-01-09
O00953,C0434,26-04-2025,Delivered,COD,Mobile App,2546.35,249.65,0,2546.35,2025-04-30
O00954,C0474,10-08-2024,Delivered,COD,Mobile App,1228.1,69.9,0,1228.1,2024-08-16
O00955,C0337,29-03-2024,Delivered,Debit Card,Website,718.2,79.8,0,718.2,2024-04-04
O00956,C0415,16-03-2025,Delivered,UPI,Website,1447.3,149.7,0,1447.3,2025-03-22
O00957,C0212,30-08-2025,Delivered,Net Banking,Website,908.25,139.75,0,908.25,2025-09-05
O00958,C0243,26-07-2024,Delivered,UPI,Marketplace,1108.15,89.85,0,1108.15,2024-07-29
O00959,C0498,03-01-2025,Delivered,Net Banking,Website,1369.75,127.25,0,1369.75,2025-01-12
O00960,C0457,02-11-2024,Delivered,Credit Card,Marketplace,1018.3,179.7,0,1018.3,2024-11-07
O00961,C0208,21-05-2024,Delivered,UPI,Mobile App,1642.65,52.35,0,1642.65,2024-05-23
O00962,C0055,13-02-2024,Delivered,Debit Card,Mobile App,1358.2,139.8,0,1358.2,2024-02-15
O00963,C0010,25-05-2024,Delivered,COD,Mobile App,299.0,0.0,59,358.0,2024-05-30
O00964,C0162,01-10-2024,Delivered,UPI,Website,664.05,34.95,59,723.05,2024-10-05
O00965,C0006,10-06-2024,Delivered,Debit Card,Website,1278.4,319.6,0,1278.4,2024-06-17
O00966,C0174,02-02-2024,Delivered,Net Banking,Website,584.1,64.9,40,624.1,2024-02-10
O00967,C0303,21-11-2025,Delivered,UPI,Mobile App,411.75,137.25,59,470.75,2025-11-24
O00968,C0061,04-01-2024,Delivered,UPI,Website,1279.65,67.35,0,1279.65,2024-01-06
O00969,C0173,22-09-2025,Delivered,Credit Card,Website,898.0,0.0,0,898.0,2025-09-26
O00970,C0482,16-08-2024,Delivered,COD,Marketplace,569.05,29.95,49,618.05,2024-08-18
O00971,C0124,05-05-2025,Delivered,UPI,Mobile App,1328.1,69.9,0,1328.1,2025-05-10
O00972,C0442,28-01-2025,Delivered,Debit Card,Mobile App,521.55,27.45,40,561.55,2025-01-30
O00973,C0461,04-02-2025,Delivered,Credit Card,Website,1103.3,194.7,0,1103.3,2025-02-07
O00974,C0158,04-12-2024,Delivered,Debit Card,Website,509.15,89.85,49,558.15,2024-12-07
O00975,C0492,07-07-2025,Delivered,UPI,Website,1836.65,309.35,0,1836.65,2025-07-14
O00976,C0231,27-11-2024,Cancelled,UPI,Mobile App,850.9,197.1,0,0.0,
O00977,C0452,02-07-2024,Returned,UPI,Website,539.1,59.9,40,579.1,2024-07-07
O00978,C0432,14-06-2024,Delivered,UPI,Website,823.3,124.7,0,823.3,2024-06-19
O00979,C0188,11-08-2024,Delivered,UPI,Website,569.05,29.95,59,628.05,2024-08-15
O00980,C0086,21-12-2025,Delivered,Credit Card,Mobile App,818.35,179.65,0,818.35,2025-12-23
O00981,C0312,07-06-2024,Delivered,Net Banking,Mobile App,399.0,0.0,40,439.0,2024-06-16
O00982,C0091,18-07-2025,Delivered,UPI,Marketplace,2463.3,481.7,0,2463.3,2025-07-27
O00983,C0296,08-09-2025,Delivered,Debit Card,Mobile App,2441.15,104.85,0,2441.15,2025-09-15
O00984,C0357,15-04-2024,Delivered,UPI,Mobile App,599.0,0.0,49,648.0,2024-04-19
O00985,C0119,26-03-2025,Delivered,COD,Website,699.0,0.0,0,699.0,2025-03-29
O00986,C0213,30-11-2025,Delivered,Debit Card,Website,998.0,0.0,0,998.0,2025-12-06
O00987,C0062,30-01-2024,Cancelled,Debit Card,Mobile App,314.1,34.9,0,0.0,
O00988,C0411,26-07-2024,Delivered,UPI,Website,2277.15,119.85,0,2277.15,2024-08-03
O00989,C0477,16-08-2025,Delivered,UPI,Mobile App,960.75,87.25,0,960.75,2025-08-20
O00990,C0368,18-08-2024,Delivered,UPI,Mobile App,1233.1,64.9,0,1233.1,2024-08-22
O00991,C0046,29-10-2024,Delivered,Debit Card,Mobile App,1019.95,177.05,0,1019.95,2024-10-31
O00992,C0486,31-08-2025,Delivered,Debit Card,Marketplace,509.15,89.85,40,549.15,2025-09-05
O00993,C0195,26-09-2024,Delivered,Net Banking,Mobile App,1557.45,239.55,0,1557.45,2024-09-30
O00994,C0487,05-02-2024,Delivered,UPI,Mobile App,740.75,107.25,0,740.75,2024-02-11
O00995,C0289,22-11-2025,Delivered,Credit Card,Mobile App,2145.35,149.65,0,2145.35,2025-11-26
O00996,C0202,30-01-2025,Delivered,Credit Card,Marketplace,699.0,0.0,0,699.0,2025-02-03
O00997,C0470,09-11-2024,Delivered,UPI,Website,331.55,17.45,49,380.55,2024-11-16
O00998,C0070,02-09-2024,Delivered,COD,Website,336.75,112.25,49,385.75,2024-09-07
O00999,C0127,10-06-2024,Delivered,UPI,Website,269.1,29.9,40,309.1,2024-06-15
O01000,C0463,25-10-2025,Delivered,Credit Card,Website,1298.0,0.0,0,1298.0,2025-10-31
O01001,C0186,04-11-2025,Returned,Credit Card,Marketplace,958.25,139.75,0,958.25,2025-11-09
O01002,C0464,31-03-2025,Delivered,Credit Card,Mobile App,664.05,34.95,40,704.05,2025-04-05
O01003,C0478,10-11-2024,Delivered,Debit Card,Website,1298.0,0.0,0,1298.0,2024-11-13
O01004,C0062,08-11-2024,In Transit,Debit Card,Website,1563.85,132.15,0,1563.85,
O01005,C0180,23-01-2025,Returned,UPI,Mobile App,853.1,44.9,0,853.1,2025-01-29
O01006,C0309,10-11-2024,Cancelled,Debit Card,Mobile App,995.6,52.4,0,0.0,
O01007,C0018,25-04-2025,Returned,Credit Card,Website,261.75,87.25,59,320.75,2025-05-01
O01008,C0331,20-07-2025,In Transit,Debit Card,Mobile App,1078.2,119.8,0,1078.2,
O01009,C0432,07-10-2025,Delivered,UPI,Mobile App,948.25,199.75,0,948.25,2025-10-10
O01010,C0079,25-05-2024,Returned,Credit Card,Mobile App,972.45,224.55,0,972.45,2024-05-31
O01011,C0208,28-02-2024,Cancelled,Credit Card,Marketplace,568.1,29.9,0,0.0,
O01012,C0460,12-10-2025,Delivered,Net Banking,Website,928.15,69.85,0,928.15,2025-10-16
O01013,C0288,16-10-2025,Delivered,UPI,Website,331.55,17.45,59,390.55,2025-10-20
O01014,C0405,09-11-2024,Delivered,Net Banking,Marketplace,668.2,79.8,49,717.2,2024-11-13
O01015,C0304,04-08-2024,Delivered,Credit Card,Mobile App,798.0,0.0,0,798.0,2024-08-07
O01016,C0342,22-10-2025,Delivered,Debit Card,Website,381.65,67.35,49,430.65,2025-10-29
O01017,C0237,28-06-2025,Delivered,UPI,Marketplace,479.2,119.8,40,519.2,2025-06-30
O01018,C0395,21-10-2025,Delivered,UPI,Marketplace,698.25,99.75,40,738.25,2025-10-29
O01019,C0461,16-12-2025,Delivered,Credit Card,Mobile App,629.1,69.9,59,688.1,2025-12-22
O01020,C0094,12-08-2024,Delivered,UPI,Mobile App,1491.5,204.5,0,1491.5,2024-08-16
O01021,C0001,23-05-2024,Delivered,UPI,Website,997.5,199.5,0,997.5,2024-05-25
O01022,C0198,21-12-2024,In Transit,UPI,Website,569.05,29.95,40,609.05,
O01023,C0020,25-08-2025,In Transit,Credit Card,Mobile App,1706.3,139.7,0,1706.3,
O01024,C0180,29-10-2024,Delivered,UPI,Website,2440.3,154.7,0,2440.3,2024-11-02
O01025,C0364,20-09-2024,Delivered,UPI,Website,1562.25,134.75,0,1562.25,2024-09-25
O01026,C0009,22-06-2025,Cancelled,Debit Card,Website,499.0,0.0,0,0.0,
O01027,C0371,03-05-2025,Delivered,Credit Card,Mobile App,1972.25,124.75,0,1972.25,2025-05-12
O01028,C0229,23-10-2024,Cancelled,Debit Card,Website,474.05,24.95,0,0.0,
O01029,C0364,26-02-2025,Delivered,Credit Card,Mobile App,569.05,29.95,49,618.05,2025-03-05
O01030,C0115,12-08-2024,Returned,Net Banking,Website,1088.2,109.8,0,1088.2,2024-08-16
O01031,C0494,03-01-2024,Delivered,Net Banking,Marketplace,995.6,52.4,0,995.6,2024-01-07
O01032,C0190,19-02-2024,Delivered,UPI,Mobile App,239.2,59.8,40,279.2,2024-02-23
O01033,C0056,20-01-2024,Delivered,Debit Card,Website,807.3,89.7,0,807.3,2024-01-27
O01034,C0161,28-12-2025,Delivered,Net Banking,Website,2816.25,179.75,0,2816.25,2026-01-01
O01035,C0097,08-02-2024,Cancelled,UPI,Website,803.2,94.8,0,0.0,
O01036,C0201,12-12-2024,Delivered,Debit Card,Mobile App,2586.3,209.7,0,2586.3,2024-12-15
O01037,C0118,23-01-2024,Delivered,Credit Card,Website,558.4,139.6,40,598.4,2024-01-29
O01038,C0178,18-11-2024,Delivered,UPI,Mobile App,958.4,239.6,0,958.4,2024-11-24
O01039,C0133,13-08-2024,Delivered,COD,Mobile App,319.2,79.8,59,378.2,2024-08-19
O01040,C0470,17-10-2025,In Transit,Debit Card,Website,279.2,69.8,49,328.2,
O01041,C0470,22-09-2024,Delivered,Debit Card,Marketplace,700.75,97.25,0,700.75,2024-09-29
O01042,C0094,15-11-2024,Delivered,Credit Card,Marketplace,284.05,14.95,40,324.05,2024-11-18
O01043,C0401,05-12-2025,Delivered,Credit Card,Mobile App,2066.2,129.8,0,2066.2,2025-12-07
O01044,C0062,27-06-2025,Delivered,UPI,Website,1317.5,279.5,0,1317.5,2025-07-01
O01045,C0409,06-10-2025,Delivered,UPI,Mobile App,1207.15,89.85,0,1207.15,2025-10-09
O01046,C0128,13-08-2024,Delivered,UPI,Mobile App,594.15,104.85,59,653.15,2024-08-19
O01047,C0331,26-01-2025,Delivered,UPI,Mobile App,1567.35,229.65,0,1567.35,2025-01-30
O01048,C0256,04-06-2025,Returned,UPI,Website,815.65,82.35,0,815.65,2025-06-10
O01049,C0463,05-07-2024,Delivered,UPI,Marketplace,1148.35,249.65,0,1148.35,2024-07-08
O01050,C0454,12-02-2025,Delivered,Net Banking,Website,833.25,114.75,0,833.25,2025-02-20
O01051,C0112,10-11-2024,Delivered,Debit Card,Website,349.0,0.0,49,398.0,2024-11-13
O01052,C0152,11-11-2025,Delivered,Credit Card,Website,893.2,104.8,0,893.2,2025-11-14
O01053,C0436,18-08-2025,Cancelled,UPI,Mobile App,449.0,0.0,0,0.0,
O01054,C0487,26-06-2024,Delivered,UPI,Mobile App,2085.4,209.6,0,2085.4,2024-06-29
O01055,C0159,08-11-2024,Cancelled,Debit Card,Website,399.2,99.8,0,0.0,
O01056,C0227,15-10-2025,Delivered,UPI,Website,1002.25,94.75,0,1002.25,2025-10-20
O01057,C0112,30-10-2024,Delivered,UPI,Marketplace,1250.65,97.35,0,1250.65,2024-11-02
O01058,C0481,07-06-2025,Delivered,Net Banking,Mobile App,424.15,74.85,49,473.15,2025-06-12
O01059,C0314,11-10-2024,Delivered,Debit Card,Website,331.55,17.45,49,380.55,2024-10-15
O01060,C0003,22-12-2024,Delivered,Credit Card,Website,719.1,79.9,0,719.1,2024-12-26
O01061,C0282,13-11-2024,Delivered,COD,Mobile App,638.15,59.85,40,678.15,2024-11-19
O01062,C0478,06-09-2024,Delivered,Credit Card,Mobile App,2260.3,134.7,0,2260.3,2024-09-11
O01063,C0494,09-07-2025,Delivered,Debit Card,Website,449.25,149.75,40,489.25,2025-07-11
O01064,C0103,19-08-2024,Delivered,Debit Card,Mobile App,1707.3,189.7,0,1707.3,2024-08-23
O01065,C0377,28-01-2025,Delivered,Debit Card,Website,778.2,69.8,0,778.2,2025-02-02
O01066,C0311,31-03-2025,Delivered,COD,Mobile App,449.1,49.9,40,489.1,2025-04-05
O01067,C0009,03-06-2024,Delivered,Debit Card,Mobile App,379.05,19.95,40,419.05,2024-06-06
O01068,C0290,15-06-2024,Delivered,UPI,Website,1032.3,114.7,0,1032.3,2024-06-20
O01069,C0033,24-03-2025,Delivered,UPI,Website,553.3,94.7,49,602.3,2025-03-28
O01070,C0434,24-01-2025,Delivered,Credit Card,Marketplace,296.65,52.35,40,336.65,2025-02-02
O01071,C0006,23-10-2025,Delivered,Net Banking,Website,1497.0,0.0,0,1497.0,2025-10-26
O01072,C0309,12-08-2025,Delivered,Net Banking,Website,629.1,69.9,59,688.1,2025-08-15
O01073,C0022,03-12-2024,Delivered,Credit Card,Website,723.25,124.75,0,723.25,2024-12-06
O01074,C0025,01-01-2024,Delivered,Debit Card,Mobile App,898.2,99.8,0,898.2,2024-01-06
O01075,C0286,24-09-2024,Delivered,Credit Card,Website,563.25,84.75,40,603.25,2024-09-29
O01076,C0083,28-02-2025,Delivered,UPI,Mobile App,349.0,0.0,49,398.0,2025-03-07
O01077,C0481,14-02-2024,Delivered,UPI,Website,2572.65,72.35,0,2572.65,2024-02-19
O01078,C0071,18-11-2024,Delivered,UPI,Mobile App,439.2,109.8,59,498.2,2024-11-23
O01079,C0246,02-02-2025,Delivered,Debit Card,Website,339.15,59.85,40,379.15,2025-02-07
O01080,C0148,07-12-2024,Delivered,UPI,Mobile App,1491.3,154.7,0,1491.3,2024-12-15
O01081,C0325,19-04-2025,Delivered,UPI,Mobile App,825.55,22.45,0,825.55,2025-04-24
O01082,C0052,15-08-2025,Delivered,Credit Card,Website,539.1,59.9,49,588.1,2025-08-19
O01083,C0242,23-08-2024,Delivered,UPI,Website,381.65,67.35,40,421.65,2024-08-30
O01084,C0061,30-12-2024,Delivered,COD,Website,499.0,0.0,40,539.0,2025-01-03
O01085,C0114,28-10-2024,Delivered,Debit Card,Mobile App,673.5,224.5,49,722.5,2024-11-05
O01086,C0260,01-07-2025,Delivered,Credit Card,Website,379.05,19.95,59,438.05,2025-07-05
O01087,C0228,09-12-2025,Delivered,Debit Card,Marketplace,748.0,0.0,0,748.0,2025-12-13
O01088,C0150,12-10-2024,Delivered,Debit Card,Website,1168.2,129.8,0,1168.2,2024-10-14
O01089,C0301,11-09-2025,Returned,Credit Card,Website,2028.75,117.25,0,2028.75,2025-09-19
O01090,C0088,28-10-2025,Delivered,COD,Mobile App,628.2,69.8,59,687.2,2025-11-01
O01091,C0422,17-05-2025,Delivered,UPI,Website,1217.45,229.55,0,1217.45,2025-05-24
O01092,C0420,20-05-2024,Delivered,Debit Card,Marketplace,569.05,29.95,59,628.05,2024-05-25
O01093,C0135,02-12-2024,Delivered,Net Banking,Website,759.05,39.95,0,759.05,2024-12-07
O01094,C0271,29-05-2025,Delivered,Credit Card,Mobile App,1471.1,24.9,0,1471.1,2025-05-31
O01095,C0378,24-09-2025,Cancelled,Net Banking,Mobile App,793.25,104.75,0,0.0,
O01096,C0474,09-03-2025,Delivered,Debit Card,Website,1060.8,187.2,0,1060.8,2025-03-15
O01097,C0100,09-05-2024,Delivered,Debit Card,Website,374.25,124.75,59,433.25,2024-05-12
O01098,C0243,10-11-2024,Delivered,Debit Card,Website,678.3,119.7,59,737.3,2024-11-16
O01099,C0154,05-08-2024,Delivered,UPI,Website,1229.55,17.45,0,1229.55,2024-08-10
O01100,C0307,14-02-2025,Delivered,UPI,Mobile App,1768.35,376.65,0,1768.35,2025-02-18
O01101,C0231,12-11-2025,Delivered,Net Banking,Mobile App,426.55,22.45,40,466.55,2025-11-15
O01102,C0022,13-08-2025,Delivered,UPI,Website,1347.3,149.7,0,1347.3,2025-08-17
O01103,C0043,21-01-2025,Delivered,Net Banking,Mobile App,509.15,89.85,49,558.15,2025-01-26
O01104,C0022,17-01-2025,Delivered,Debit Card,Website,249.0,0.0,49,298.0,2025-01-20
O01105,C0347,04-10-2024,Delivered,Credit Card,Mobile App,923.05,24.95,0,923.05,2024-10-10
O01106,C0441,13-09-2025,Delivered,UPI,Website,314.1,34.9,49,363.1,2025-09-19
O01107,C0387,18-10-2025,Cancelled,Debit Card,Website,3066.45,376.55,0,0.0,
O01108,C0404,18-04-2024,Cancelled,Net Banking,Mobile App,1193.1,54.9,0,0.0,
O01109,C0253,29-07-2024,Delivered,Debit Card,Marketplace,509.15,89.85,49,558.15,2024-07-31
O01110,C0007,29-09-2025,Returned,UPI,Website,845.7,102.3,0,845.7,2025-10-07
O01111,C0120,28-03-2024,Delivered,UPI,Website,349.0,0.0,59,408.0,2024-04-01
O01112,C0361,24-10-2024,Delivered,COD,Website,509.15,89.85,49,558.15,2024-10-26
O01113,C0074,27-05-2024,Delivered,Credit Card,Mobile App,1169.15,226.85,0,1169.15,2024-05-30
O01114,C0095,25-10-2025,Delivered,UPI,Website,426.55,22.45,59,485.55,2025-10-29
O01115,C0111,21-02-2024,Delivered,UPI,Mobile App,449.0,0.0,59,508.0,2024-02-25
O01116,C0201,28-02-2025,Delivered,UPI,Website,494.1,54.9,49,543.1,2025-03-02
O01117,C0495,24-01-2025,Delivered,UPI,Mobile App,349.0,0.0,59,408.0,2025-01-30
O01118,C0381,05-06-2025,Delivered,UPI,Website,319.2,79.8,59,378.2,2025-06-11
O01119,C0406,24-04-2024,Delivered,UPI,Mobile App,2902.2,341.8,0,2902.2,2024-04-27
O01120,C0008,27-05-2024,Delivered,Credit Card,Mobile App,593.3,104.7,59,652.3,2024-05-30
O01121,C0229,30-04-2025,Delivered,UPI,Mobile App,426.55,22.45,40,466.55,2025-05-04
O01122,C0369,17-10-2025,Delivered,UPI,Mobile App,1130.55,17.45,0,1130.55,2025-10-25
O01123,C0431,29-01-2025,Returned,COD,Mobile App,1637.5,359.5,0,1637.5,2025-02-03
O01124,C0465,10-01-2024,Delivered,Credit Card,Website,1196.75,299.25,0,1196.75,2024-01-14
O01125,C0067,28-03-2024,Delivered,UPI,Mobile App,1192.25,104.75,0,1192.25,2024-03-31
O01126,C0277,02-10-2024,Delivered,COD,Website,1992.15,104.85,0,1992.15,2024-10-05
O01127,C0103,18-05-2025,Delivered,Net Banking,Website,799.0,0.0,0,799.0,2025-05-20
O01128,C0193,11-09-2024,Delivered,COD,Website,930.65,67.35,0,930.65,2024-09-14
O01129,C0197,04-08-2025,Delivered,Net Banking,Website,404.1,44.9,59,463.1,2025-08-12
O01130,C0236,18-08-2024,Delivered,UPI,Website,2560.25,134.75,0,2560.25,2024-08-20
O01131,C0223,01-05-2024,Delivered,UPI,Website,1512.25,134.75,0,1512.25,2024-05-07
O01132,C0413,08-11-2024,Delivered,UPI,Website,1438.2,159.8,0,1438.2,2024-11-11
O01133,C0361,06-10-2024,Delivered,UPI,Website,1188.3,209.7,0,1188.3,2024-10-12
O01134,C0277,03-04-2024,Delivered,UPI,Website,599.0,0.0,49,648.0,2024-04-06
O01135,C0257,12-03-2024,Delivered,COD,Website,822.1,24.9,0,822.1,2024-03-16
O01136,C0396,27-07-2025,Delivered,UPI,Website,1122.5,224.5,0,1122.5,2025-08-01
O01137,C0059,12-08-2025,Delivered,UPI,Website,699.0,0.0,0,699.0,2025-08-14
O01138,C0291,04-10-2025,Delivered,UPI,Mobile App,359.1,39.9,49,408.1,2025-10-08
O01139,C0497,08-11-2024,Returned,COD,Website,336.75,112.25,40,376.75,2024-11-13
O01140,C0409,02-10-2025,In Transit,UPI,Mobile App,2397.0,0.0,0,2397.0,
O01141,C0210,06-11-2024,Delivered,UPI,Website,1256.4,139.6,0,1256.4,2024-11-09
O01142,C0451,28-03-2025,Delivered,Credit Card,Website,1048.0,0.0,0,1048.0,2025-03-31
O01143,C0413,06-06-2025,Delivered,COD,Marketplace,759.05,39.95,0,759.05,2025-06-08
O01144,C0450,22-01-2025,Returned,UPI,Website,923.15,74.85,0,923.15,2025-01-24
O01145,C0393,24-10-2025,Delivered,UPI,Mobile App,314.1,34.9,40,354.1,2025-10-28
O01146,C0413,02-07-2024,Delivered,UPI,Mobile App,199.2,49.8,40,239.2,2024-07-06
O01147,C0047,13-06-2024,Delivered,UPI,Mobile App,349.0,0.0,59,408.0,2024-06-17
O01148,C0255,25-10-2025,Cancelled,UPI,Marketplace,599.0,0.0,0,0.0,
O01149,C0229,17-07-2025,Delivered,COD,Website,1138.1,59.9,0,1138.1,2025-07-24
O01150,C0060,22-10-2025,Delivered,Credit Card,Website,678.3,119.7,49,727.3,2025-10-27
O01151,C0385,22-02-2024,Delivered,Credit Card,Website,2540.2,104.8,0,2540.2,2024-02-25
O01152,C0445,30-03-2025,Delivered,UPI,Website,894.65,52.35,0,894.65,2025-04-02
O01153,C0500,01-11-2024,Delivered,Debit Card,Mobile App,314.1,34.9,49,363.1,2024-11-05
O01154,C0443,18-04-2024,Delivered,Net Banking,Website,588.2,59.8,59,647.2,2024-04-21
O01155,C0100,18-05-2024,Delivered,UPI,Marketplace,948.1,49.9,0,948.1,2024-05-23
O01156,C0204,13-11-2025,Delivered,Credit Card,Mobile App,404.1,44.9,49,453.1,2025-11-18
O01157,C0483,11-08-2024,Cancelled,Net Banking,Mobile App,1043.1,54.9,0,0.0,
O01158,C0187,17-02-2024,In Transit,Debit Card,Mobile App,1721.5,224.5,0,1721.5,
O01159,C0258,08-03-2024,Delivered,COD,Mobile App,758.1,39.9,0,758.1,2024-03-10
O01160,C0187,17-07-2025,Delivered,UPI,Mobile App,759.05,39.95,0,759.05,2025-07-21
O01161,C0451,09-10-2024,Delivered,Debit Card,Website,638.4,159.6,40,678.4,2024-10-13
O01162,C0071,13-07-2025,Returned,COD,Website,539.1,59.9,59,598.1,2025-07-15
O01163,C0079,29-10-2024,Delivered,Debit Card,Marketplace,728.05,19.95,0,728.05,2024-11-01
O01164,C0238,05-05-2024,Delivered,Debit Card,Website,2182.95,262.05,0,2182.95,2024-05-10
O01165,C0026,14-06-2024,Delivered,Debit Card,Website,498.0,0.0,59,557.0,2024-06-21
O01166,C0230,02-03-2025,Delivered,Credit Card,Mobile App,1956.4,239.6,0,1956.4,2025-03-07
O01167,C0244,03-03-2025,Delivered,UPI,Mobile App,449.0,0.0,59,508.0,2025-03-08
O01168,C0265,19-06-2025,Delivered,UPI,Website,349.0,0.0,40,389.0,2025-06-24
O01169,C0310,28-05-2024,Delivered,Debit Card,Marketplace,474.05,24.95,40,514.05,2024-06-01
O01170,C0378,25-11-2024,Delivered,Credit Card,Mobile App,299.0,0.0,40,339.0,2024-11-30
O01171,C0124,23-06-2025,Cancelled,Credit Card,Mobile App,908.25,139.75,0,0.0,
O01172,C0247,17-08-2024,Cancelled,Debit Card,Website,898.35,199.65,0,0.0,
O01173,C0191,26-04-2024,Cancelled,UPI,Mobile App,616.55,32.45,0,0.0,
O01174,C0297,09-01-2024,Cancelled,UPI,Website,1077.3,119.7,0,0.0,
O01175,C0282,07-11-2024,Delivered,UPI,Mobile App,718.2,79.8,0,718.2,2024-11-14
O01176,C0472,09-08-2024,Delivered,COD,Website,1817.1,79.9,0,1817.1,2024-08-16
O01177,C0437,25-04-2024,Delivered,Credit Card,Mobile App,539.1,59.9,59,598.1,2024-04-27
O01178,C0452,24-12-2024,Delivered,COD,Website,1941.45,254.55,0,1941.45,2024-12-29
O01179,C0179,16-08-2025,Delivered,Net Banking,Mobile App,808.2,89.8,0,808.2,2025-08-19
O01180,C0183,29-07-2024,Delivered,Debit Card,Mobile App,314.1,34.9,49,363.1,2024-08-04
O01181,C0434,10-08-2025,Delivered,COD,Mobile App,1115.65,82.35,0,1115.65,2025-08-14
O01182,C0318,03-02-2024,Delivered,COD,Mobile App,1233.1,64.9,0,1233.1,2024-02-06
O01183,C0126,27-10-2024,Returned,Net Banking,Website,3370.45,324.55,0,3370.45,2024-11-01
O01184,C0151,09-09-2024,Delivered,Credit Card,Website,719.1,79.9,0,719.1,2024-09-14
O01185,C0083,14-11-2024,Delivered,COD,Mobile App,988.2,109.8,0,988.2,2024-11-18
O01186,C0197,05-07-2024,Cancelled,Debit Card,Mobile App,1564.65,82.35,0,0.0,
O01187,C0206,11-05-2024,Cancelled,UPI,Website,1467.3,179.7,0,0.0,
O01188,C0456,27-09-2025,Delivered,Debit Card,Website,1279.65,67.35,0,1279.65,2025-09-30
O01189,C0033,28-12-2024,Cancelled,UPI,Website,269.1,29.9,0,0.0,
O01190,C0054,02-11-2024,Cancelled,Credit Card,Website,1902.85,192.15,0,0.0,
O01191,C0280,29-08-2024,Delivered,Net Banking,Website,1757.85,137.15,0,1757.85,2024-09-04
O01192,C0302,26-08-2025,Delivered,UPI,Mobile App,1269.8,127.2,0,1269.8,2025-08-30
O01193,C0099,11-11-2024,Delivered,Credit Card,Website,314.1,34.9,59,373.1,2024-11-16
O01194,C0448,22-11-2024,Delivered,Credit Card,Website,551.65,97.35,59,610.65,2024-11-25
O01195,C0340,12-10-2025,Delivered,COD,Website,519.2,129.8,59,578.2,2025-10-14
O01196,C0087,15-06-2024,Delivered,UPI,Mobile App,1229.75,117.25,0,1229.75,2024-06-18
O01197,C0424,23-02-2024,Delivered,UPI,Website,848.0,0.0,0,848.0,2024-02-26
O01198,C0069,13-06-2024,Delivered,UPI,Mobile App,411.75,137.25,59,470.75,2024-06-16
O01199,C0020,24-11-2024,Delivered,COD,Mobile App,1362.2,84.8,0,1362.2,2024-12-02
O01200,C0103,04-10-2024,Delivered,Credit Card,Website,1677.6,419.4,0,1677.6,2024-10-10
O01201,C0495,21-03-2025,Returned,Debit Card,Website,339.15,59.85,49,388.15,2025-03-24
O01202,C0216,02-02-2024,Delivered,Net Banking,Mobile App,398.4,99.6,40,438.4,2024-02-06
O01203,C0052,07-06-2025,Delivered,UPI,Mobile App,983.1,64.9,0,983.1,2025-06-11
O01204,C0087,12-08-2024,Delivered,UPI,Website,830.55,17.45,0,830.55,2024-08-17
O01205,C0194,20-05-2024,Delivered,UPI,Website,399.0,0.0,40,439.0,2024-05-29
O01206,C0321,16-11-2024,Returned,UPI,Website,799.0,0.0,0,799.0,2024-11-22
O01207,C0326,24-02-2025,Delivered,Credit Card,Marketplace,569.05,29.95,49,618.05,2025-02-26
O01208,C0432,29-10-2025,Delivered,UPI,Mobile App,1942.45,354.55,0,1942.45,2025-11-04
O01209,C0266,16-01-2025,Delivered,Credit Card,Marketplace,314.1,34.9,40,354.1,2025-01-18
O01210,C0172,11-02-2024,Delivered,Net Banking,Website,479.2,119.8,40,519.2,2024-02-15
O01211,C0304,05-06-2025,Delivered,Credit Card,Website,339.15,59.85,40,379.15,2025-06-10
O01212,C0467,11-08-2025,Delivered,Credit Card,Mobile App,284.05,14.95,49,333.05,2025-08-16
O01213,C0024,31-01-2025,Delivered,UPI,Website,822.25,74.75,0,822.25,2025-02-06
O01214,C0327,05-11-2024,Delivered,UPI,Website,424.15,74.85,40,464.15,2024-11-10
O01215,C0106,10-07-2024,Delivered,UPI,Website,1915.35,179.65,0,1915.35,2024-07-19
O01216,C0477,12-06-2024,Delivered,UPI,Website,1566.45,229.55,0,1566.45,2024-06-15
O01217,C0081,31-01-2024,Delivered,Credit Card,Marketplace,759.05,39.95,0,759.05,2024-02-04
O01218,C0328,07-09-2025,Delivered,UPI,Mobile App,3036.05,256.95,0,3036.05,2025-09-12
O01219,C0398,11-10-2024,Delivered,UPI,Website,894.8,102.2,0,894.8,2024-10-16
O01220,C0348,26-04-2024,Delivered,Credit Card,Mobile App,2325.4,219.6,0,2325.4,2024-04-30
O01221,C0244,25-02-2024,In Transit,UPI,Website,539.1,59.9,40,579.1,
O01222,C0266,17-10-2025,In Transit,UPI,Website,1168.2,129.8,0,1168.2,
O01223,C0334,30-10-2024,Cancelled,UPI,Marketplace,1078.2,119.8,0,0.0,
O01224,C0329,24-10-2025,Delivered,UPI,Website,449.1,49.9,49,498.1,2025-10-31
O01225,C0008,22-10-2024,Delivered,UPI,Website,1088.25,159.75,0,1088.25,2024-10-26
O01226,C0323,28-10-2025,Delivered,COD,Mobile App,2146.35,199.65,0,2146.35,2025-10-31
O01227,C0300,02-04-2024,Delivered,UPI,Website,359.1,39.9,59,418.1,2024-04-04
O01228,C0333,08-11-2024,Delivered,UPI,Mobile App,870.55,27.45,0,870.55,2024-11-13
O01229,C0348,17-01-2024,Cancelled,Net Banking,Website,1284.85,162.15,0,0.0,
O01230,C0211,04-06-2024,In Transit,UPI,Website,261.75,87.25,49,310.75,
O01231,C0146,14-11-2024,Delivered,Net Banking,Marketplace,2189.3,104.7,0,2189.3,2024-11-17
O01232,C0486,05-08-2025,Delivered,Net Banking,Website,2569.75,374.25,0,2569.75,2025-08-09
O01233,C0364,22-05-2025,Delivered,COD,Website,599.0,0.0,49,648.0,2025-05-29
O01234,C0049,01-12-2024,Delivered,UPI,Mobile App,249.0,0.0,40,289.0,2024-12-05
O01235,C0431,23-09-2025,Returned,COD,Website,1000.75,147.25,0,1000.75,2025-09-25
O01236,C0432,10-07-2025,Delivered,Credit Card,Website,254.15,44.85,59,313.15,2025-07-18
O01237,C0078,26-02-2024,Delivered,Net Banking,Website,917.5,179.5,0,917.5,2024-03-05
O01238,C0280,04-02-2024,Cancelled,UPI,Website,314.1,34.9,0,0.0,
O01239,C0002,04-04-2025,Delivered,COD,Website,314.1,34.9,59,373.1,2025-04-09
O01240,C0435,07-01-2024,Delivered,UPI,Website,1038.3,159.7,0,1038.3,2024-01-09
O01241,C0087,16-03-2024,In Transit,UPI,Website,1399.95,247.05,0,1399.95,
O01242,C0299,03-09-2025,Delivered,Credit Card,Website,551.65,97.35,49,600.65,2025-09-06
O01243,C0221,27-01-2024,In Transit,UPI,Website,398.4,99.6,59,457.4,
O01244,C0429,26-04-2025,Delivered,Debit Card,Website,988.2,109.8,0,988.2,2025-05-02
O01245,C0086,05-07-2025,Delivered,UPI,Website,424.15,74.85,59,483.15,2025-07-07
O01246,C0165,07-04-2025,Delivered,Credit Card,Mobile App,598.0,0.0,49,647.0,2025-04-13
O01247,C0457,13-01-2024,Delivered,UPI,Website,1423.9,172.1,0,1423.9,2024-01-19
O01248,C0284,12-02-2025,Delivered,COD,Mobile App,948.0,0.0,0,948.0,2025-02-19
O01249,C0444,27-07-2024,Delivered,UPI,Website,2070.7,324.3,0,2070.7,2024-08-01
O01250,C0286,09-05-2025,Delivered,UPI,Marketplace,783.35,164.65,0,783.35,2025-05-13
